Customer Name,Product Category,Sales Amount
Aarav Mehta,Groceries,4043.14
Sanjay Verma,Beauty,9147.31
Pooja Sharma,Furniture,110156.97
Priya Reddy,Furniture,262066.11
Ritu Sharma,Groceries,323.95
Vikram Iyer,Books,2202.33
Arjun Shah,Books,994.87
Aditya Sharma,Clothing,2140.41
Aditya Patel,Books,2828.82
Arjun Das,Clothing,14568.16
Meera Mishra,Furniture,86997.39
Shreya Bose,Groceries,379.5
Vikram Pillai,Beauty,567.33
Karan Bose,Books,9315.19
Deepa Joshi,Clothing,4824.04
Deepa Mehta,Furniture,144295.18
Rahul Gupta,Clothing,17995.41
Shreya Singh,Electronics,315130.44
Nikhil Mishra,Clothing,10622.32
Sanjay Bose,Furniture,64727.53
Kavya Kumar,Electronics,483408.08
Sanjay Mishra,Sports,61783.2
Rahul Joshi,Books,7477.88
Arjun Chatterjee,Books,621.35
Pooja Verma,Books,3224.82
Nikhil Bhat,Sports,29267.25
Sanjay Reddy,Groceries,322.86
Nikhil Bose,Clothing,2477.72
Rahul Gupta,Electronics,671607.78
Rahul Kapoor,Books,3704.84
Arjun Pillai,Sports,43346.6
Kavya Patel,Beauty,3690.09
Kavya Pillai,Furniture,24565.06
Deepa Pillai,Electronics,177754.39
Vikram Pillai,Books,3635.51
Rahul Sharma,Electronics,232621.97
Ritu Nair,Furniture,92924.36
Amit Kumar,Books,1929.4
Ananya Patel,Clothing,4851.55
Karan Iyer,Books,1810.18
Sanjay Shah,Furniture,191398.26
Vikram Kumar,Sports,145427.41
Nikhil Kapoor,Furniture,53911.88
Aditya Reddy,Sports,36596.17
Meera Gupta,Furniture,24230.41
Kavya Verma,Beauty,6596.23
Ananya Nair,Electronics,44107.0
Meera Kumar,Books,4582.79
Nikhil Reddy,Clothing,1859.03
Aditya Mehta,Groceries,1057.65
Meera Chatterjee,Sports,49710.43
Sanjay Kapoor,Books,6991.06
Vikram Shah,Groceries,2026.01
Aditya Pillai,Beauty,867.37
Ritu Verma,Electronics,89225.91
Shreya Kumar,Sports,9541.81
Rohan Nair,Books,3597.1
Priya Joshi,Clothing,2480.54
Deepa Nair,Books,1146.29
Sanjay Joshi,Sports,13365.94
Ritu Gupta,Sports,6293.66
Shreya Nair,Books,1761.29
Ananya Verma,Clothing,2660.47
Karan Kapoor,Furniture,51389.35
Aarav Pillai,Electronics,32774.69
Deepa Pillai,Books,3687.74
,,
Aditya Gupta,Clothing,4205.92
Arjun Bhat,Clothing,11565.64
Karan Shah,Furniture,117568.37
Nisha Shah,Electronics,443615.41
Deepa Chatterjee,Furniture,6967.21
Ananya Joshi,Furniture,11304.13
Nikhil Reddy,Furniture,30702.91
Rahul Verma,Electronics,44298.79
Kavya Patel,Electronics,175476.12
Arjun Mishra,Clothing,4673.02
Shreya Nair,Sports,8396.79
Nisha Mehta,Furniture,95036.79
Ritu Kapoor,Books,1026.5
Aditya Sharma,Furniture,100210.97
Ananya Shah,Furniture,82667.82
Aditya Das,Groceries,1159.07
Deepa Das,Books,937.54
Sanjay Verma,Sports,32120.84
Vikram Nair,Electronics,205453.46
Meera Gupta,Furniture,118164.26
Priya Bhat,Furniture,173004.24
Meera Singh,Sports,6360.16
Rohan Pillai,Clothing,12757.93
Sanjay Iyer,Furniture,149044.86
Rahul Verma,Books,10570.33
Nisha Shah,Sports,48184.42
Shreya Reddy,Furniture,73335.01
Ananya Verma,Books,4535.42
Karan Das,Books,3730.16
Rohan Gupta,Groceries,2672.61
Priya Singh,Sports,62483.59
Nikhil Patel,Electronics,192150.99
Deepa Rao,Furniture,188109.47
Vikram Gupta,Beauty,1538.13
Vikram Iyer,Clothing,16031.48
Rahul Verma,Books,3954.73
Nikhil Mishra,Groceries,118.23
Nikhil Reddy,Groceries,815.36
Meera Nair,Books,7120.16
Nisha Iyer,Clothing,9673.58
Nikhil Sharma,Electronics,172382.02
Sunita Joshi,Books,10167.9
Rahul Das,Electronics,295286.41
Pooja Mishra,Sports,97177.38
Sunita Joshi,Books,8717.89
Rahul Kumar,Groceries,125.78
Nikhil Nair,Sports,37888.42
Rahul Chatterjee,Groceries,1437.0
Amit Verma,Sports,14206.67
Deepa Verma,Clothing,26908.32
Meera Pillai,Sports,30752.81
Amit Patel,Sports,13993.35
Amit Das,Furniture,57174.24
Sunita Gupta,Groceries,2780.1
Rohan Shah,Beauty,11756.21
Shreya Pillai,Books,7683.45
Sanjay Singh,Sports,13501.36
Meera Chatterjee,Electronics,274607.48
Arjun Chatterjee,Furniture,99978.26
Sanjay Mehta,Sports,5849.95
Amit Das,Clothing,12884.93
Sunita Reddy,Books,1452.88
Kavya Mehta,Books,2495.05
Nikhil Patel,Furniture,144911.63
Ritu Patel,Electronics,161033.98
Vikram Kumar,Sports,25494.32
Rahul Bhat,Electronics,167889.68
Kavya Pillai,Furniture,46926.73
Meera Kumar,Clothing,2632.07
Karan Bose,Books,916.67
Nikhil Joshi,Sports,39614.95
Aditya Iyer,Clothing,6927.13
Ananya Rao,Electronics,127833.79
Kavya Singh,Electronics,111205.03
Priya Das,Beauty,1186.66
Ananya Nair,Books,2814.83
Priya Sharma,Clothing,1124.22
,,
Sunita Das,Electronics,159421.61
Sunita Mishra,Clothing,39736.74
Nisha Kapoor,Electronics,154630.39
Ananya Nair,Sports,31129.56
Sunita Verma,Furniture,92126.76
Amit Singh,Sports,44578.62
Karan Reddy,Beauty,11296.75
Aarav Joshi,Sports,30150.8
Sunita Shah,Furniture,36117.01
Nisha Kapoor,Books,3040.53
Kavya Pillai,Furniture,218733.7
Pooja Iyer,Beauty,10606.52
Aditya Mehta,Electronics,542100.67
Shreya Gupta,Electronics,520084.41
Arjun Joshi,Furniture,24685.74
Ritu Reddy,Beauty,4769.26
Pooja Shah,Groceries,313.86
Sanjay Joshi,Books,1967.1
Sunita Iyer,Electronics,67060.7
Sanjay Rao,Books,11632.7
Pooja Shah,Books,7711.33
Meera Iyer,Sports,77124.12
Pooja Chatterjee,Clothing,4811.57
Vikram Nair,Clothing,28827.02
Kavya Das,Furniture,45443.23
Ritu Nair,Books,1423.3
Sunita Sharma,Electronics,295233.56
Vikram Chatterjee,Books,1034.25
Priya Verma,Sports,5037.77
Pooja Mishra,Clothing,3708.79
Meera Nair,Books,1477.96
Rohan Pillai,Groceries,1055.1
Rohan Kumar,Clothing,5546.22
Aarav Mehta,Beauty,9118.63
Arjun Rao,Electronics,8306.29
Nisha Joshi,Electronics,789939.57
Priya Verma,Groceries,3702.45
Nikhil Singh,Books,2827.28
Nikhil Patel,Furniture,95102.09
Kavya Rao,Clothing,2706.28
Vikram Joshi,Furniture,157859.91
Deepa Chatterjee,Beauty,14424.73
Shreya Kapoor,Beauty,3344.42
Vikram Bhat,Clothing,9440.78
Aditya Shah,Sports,17159.15
Shreya Mishra,Sports,1042.72
Rohan Mishra,Electronics,196362.97
Nisha Bhat,Books,4735.21
Aditya Mehta,Sports,9272.71
Sanjay Joshi,Books,12502.33
Nikhil Patel,Clothing,18651.13
Vikram Gupta,Furniture,132575.91
Nisha Kapoor,Books,15191.82
Aditya Bose,Electronics,218111.79
Pooja Kapoor,Sports,22974.82
Rahul Kumar,Beauty,14584.96
Aarav Das,Furniture,120310.49
Meera Mehta,Electronics,117489.88
Ananya Joshi,Beauty,17609.1
Sanjay Iyer,Beauty,286.61
Vikram Sharma,Groceries,4232.71
Nikhil Mishra,Clothing,2559.11
Meera Joshi,Furniture,132743.41
Pooja Rao,Clothing,22364.16
Arjun Iyer,Clothing,15407.9
Sanjay Gupta,Groceries,1375.7
Priya Gupta,Clothing,12273.11
Deepa Kapoor,Beauty,10532.18
Aditya Gupta,Sports,26055.86
Meera Patel,Clothing,3196.43
Shreya Rao,Sports,12312.75
Priya Pillai,Books,1735.77
Pooja Bhat,Furniture,23373.24
Ritu Gupta,Groceries,506.19
Vikram Mehta,Beauty,4258.29
Nisha Reddy,Electronics,41177.25
Meera Pillai,Clothing,13152.75
Aditya Shah,Beauty,2848.99
Sunita Pillai,Beauty,3807.56
Pooja Mehta,Beauty,804.15
Nisha Das,Clothing,25322.69
Deepa Bose,Sports,36649.85
Kavya Kumar,Groceries,1080.19
Amit Kapoor,Books,885.78
Ananya Gupta,Groceries,998.21
Ritu Nair,Electronics,174189.34
Pooja Kumar,Clothing,3229.98
Deepa Joshi,Beauty,1201.96
Sunita Iyer,Electronics,465179.21
Aarav Verma,Sports,44971.39
Nisha Mehta,Electronics,25255.17
Nisha Reddy,Clothing,13540.41
Shreya Kumar,Furniture,157416.69
Shreya Chatterjee,Groceries,276.46
Sunita Kumar,Sports,9045.13
Kavya Shah,Groceries,2258.19
Meera Bhat,Sports,21823.19
Rohan Patel,Books,203951.5
Kavya Kumar,Beauty,1006.96
Rahul Bose,Furniture,8506.99
Kavya Shah,Electronics,436166.56
Karan Kumar,Electronics,86042.12
Shreya Das,Beauty,1737.45
Amit Kumar,Groceries,219.23
Ananya Reddy,Furniture,16420.47
Sanjay Kapoor,Books,4097.63
Shreya Rao,Sports,79799.46
Priya Mishra,Clothing,15863.82
Meera Rao,Sports,19375.1
Sunita Reddy,Books,613.66
Sanjay Chatterjee,Electronics,207766.8
Pooja Kapoor,Books,661.09
Deepa Kumar,Beauty,1684.8
Vikram Reddy,Groceries,179.13
Sunita Das,Electronics,76494.58
Rohan Shah,Clothing,3508.11
Priya Rao,Books,5647.04
Sunita Iyer,Clothing,8376.83
Sanjay Verma,Electronics,110240.96
Ritu Bose,Books,599.16
Rohan Patel,Books,2905.61
Pooja Kapoor,Groceries,2475.37
Ananya Gupta,Sports,9630.16
Deepa Kapoor,Clothing,1795.94
Aditya Chatterjee,Groceries,1658.66
Nisha Mehta,Beauty,9047.98
Ritu Pillai,Electronics,473255.79
Amit Iyer,Groceries,86.02
Rahul Verma,Groceries,1769.53
Arjun Reddy,Furniture,28279.75
Kavya Iyer,Groceries,930.33
Vikram Rao,Electronics,4938.48
Ananya Shah,Beauty,4761.71
Vikram Kapoor,Sports,21548.37
Karan Sharma,Clothing,1011.25
Priya Chatterjee,Clothing,12039.52
Pooja Gupta,Electronics,142488.63
Vikram Verma,Books,2873.31
Sunita Pillai,Sports,54342.29
Amit Kumar,Furniture,60026.42
Sanjay Sharma,Sports,55550.3
Karan Singh,Clothing,9066.91
Meera Das,Beauty,2319.17
Nisha Mishra,Beauty,9458.95
Ritu Mehta,Electronics,48186.78
Nisha Singh,Groceries,1362.0
Shreya Gupta,Books,1081.22
Arjun Verma,Beauty,4358.73
Amit Pillai,Beauty,971.77
Nisha Joshi,Beauty,379.18
Arjun Das,Groceries,203.41
Kavya Nair,Groceries,768.3
Sanjay Kapoor,Sports,69539.73
Shreya Kapoor,Books,1927.61
Amit Patel,Groceries,1196.11
Kavya Pillai,Groceries,1193.08
Meera Verma,Beauty,8746.39
Karan Reddy,Sports,11991.16
Nikhil Gupta,Beauty,2333.99
Nisha Das,Clothing,19925.91
Arjun Pillai,Clothing,11602.32
Aditya Chatterjee,Furniture,63871.89
Ritu Das,Beauty,12379.8
Ritu Rao,Sports,13665.74
Sanjay Mishra,Beauty,1442.88
Nikhil Bose,Beauty,1382.93
Arjun Kapoor,Electronics,49034.56
Rohan Chatterjee,Books,5054.28
Sunita Kumar,Groceries,3274.29
Deepa Gupta,Sports,114501.45
Aditya Shah,Groceries,368.28
Pooja Iyer,Beauty,1684.76
Shreya Mishra,Books,846.36
Nisha Bhat,Furniture,9688.23
Aditya Shah,Groceries,1927.79
Kavya Shah,Electronics,200569.38
Amit Rao,Sports,37398.22
Ritu Mishra,Electronics,12800.24
Nikhil Joshi,Furniture,15984.43
Ritu Sharma,Electronics,325899.4
Sunita Patel,Beauty,1214.1
Sanjay Rao,Sports,95488.18
Rohan Bhat,Electronics,268632.52
Aditya Singh,Books,1230.66
Amit Bhat,Clothing,15432.22
Ritu Das,Sports,6868.24
Priya Mishra,Books,2524.52
Nisha Bose,Books,2755.17
Vikram Singh,Electronics,392607.23
Rohan Mishra,Clothing,10612.0
Karan Singh,Sports,15147.36
Aarav Joshi,Electronics,54475.55
Ritu Das,Furniture,52202.49
Amit Joshi,Furniture,9554.34
Amit Mehta,Electronics,542833.32
Rahul Gupta,Books,5098.4
Ananya Pillai,Electronics,131067.26
Arjun Mishra,Electronics,96948.0
Pooja Sharma,Books,3025.64
Aditya Mishra,Furniture,87823.05
Kavya Joshi,Beauty,8925.05
Priya Nair,Electronics,186628.87
Aditya Nair,Groceries,658.39
Ritu Mishra,Beauty,1563.91
Shreya Verma,Clothing,1620.42
Shreya Mehta,Clothing,12279.25
Aarav Kumar,Groceries,2253.34
Vikram Joshi,Clothing,7425.11
Kavya Shah,Sports,65319.25
Pooja Joshi,Beauty,5762.75
Karan Singh,Groceries,1116.38
Aditya Singh,Furniture,88956.71
Nikhil Verma,Sports,51174.21
Amit Shah,Electronics,175761.72
Nikhil Nair,Clothing,11495.42
Sunita Iyer,Groceries,3219.24
Pooja Joshi,Sports,66340.96
Nisha Chatterjee,Books,762.89
Rohan Singh,Sports,5426.75
Shreya Gupta,Sports,54768.47
Priya Kapoor,Clothing,13934.11
Arjun Kapoor,Sports,8729.66
Aditya Pillai,Sports,58868.95
Amit Reddy,Books,3201.22
Meera Chatterjee,Clothing,45729.43
Sunita Bose,Groceries,5992.24
Sunita Mehta,Furniture,23093.12
Sunita Pillai,Clothing,578.97
Sanjay Iyer,Groceries,1055.34
Sanjay Rao,Books,7234.13
Arjun Patel,Electronics,107608.01
Meera Rao,Beauty,2115.74
Shreya Mishra,Groceries,100.14
Arjun Patel,Electronics,33725.89
Pooja Iyer,Books,8038.79
Shreya Bhat,Sports,21239.19
Nisha Reddy,Sports,26178.67
Sanjay Rao,Sports,25039.19
Arjun Verma,Clothing,31618.79
Amit Nair,Clothing,9963.87
Sanjay Nair,Furniture,63905.82
Pooja Mishra,Books,8220.04
Ananya Verma,Furniture,17177.15
Sunita Patel,Sports,55004.13
Sunita Bose,Furniture,4394.74
Amit Sharma,Books,7920.13
Shreya Mehta,Beauty,2363.7
Kavya Singh,Clothing,20953.37
Nisha Bhat,Beauty,359.88
Ritu Bose,Books,5241.79
Sanjay Mishra,Beauty,20195.66
Ritu Joshi,Sports,6220.68
Meera Pillai,Sports,19652.06
Arjun Gupta,Furniture,35266.77
Sunita Patel,Electronics,53611.5
Arjun Verma,Books,15244.18
Karan Gupta,Books,2058.59
Aarav Joshi,Clothing,3624.78
Ananya Patel,Clothing,911.76
Ananya Mehta,Beauty,4400.47
Ritu Kumar,Books,778.16
Aditya Shah,Groceries,414.31
Ananya Sharma,Furniture,119013.87
Vikram Singh,Clothing,2937.26
Rahul Patel,Beauty,10154.82
Meera Patel,Electronics,627898.81
Priya Singh,Beauty,2822.23
Pooja Shah,Clothing,9893.97
Aditya Mehta,Sports,57905.39
Kavya Rao,Clothing,6367.6
Shreya Bose,Books,2443.04
Ananya Das,Electronics,175402.71
Aarav Kapoor,Beauty,13036.59
Pooja Rao,Clothing,6175.08
Kavya Das,Furniture,236017.16
Karan Mishra,Sports,128001.22
Vikram Verma,Beauty,1272.71
Pooja Reddy,Clothing,21680.07
Ritu Nair,Electronics,171768.97
Ritu Patel,Clothing,18790.52
Ritu Verma,Books,3579.91
Kavya Shah,Furniture,6777.56
Karan Mishra,Books,957.41
Ananya Mishra,Books,5162.57
Ritu Bose,Groceries,2265.28
Sunita Verma,Sports,81951.13
Aarav Patel,Books,12103.46
,,
Pooja Mishra,Sports,89828.71
Nisha Iyer,Electronics,44683.38
Aarav Shah,Furniture,189614.18
Priya Mehta,Electronics,385580.53
Nikhil Nair,Beauty,2961.7
Deepa Pillai,Electronics,446345.61
Rohan Chatterjee,Beauty,902.31
Meera Chatterjee,Sports,373.9
Karan Gupta,Groceries,553.5
Ritu Gupta,Furniture,80865.4
Sanjay Gupta,Electronics,188221.16
Nikhil Iyer,Clothing,4690.45
Ananya Bhat,Groceries,1997.66
Karan Reddy,Sports,29090.53
Vikram Pillai,Sports,9249.06
Deepa Kapoor,Furniture,7223.61
Aarav Mishra,Electronics,283224.55
Sanjay Verma,Sports,8294.3
Karan Sharma,Sports,15164.38
Aarav Rao,Clothing,3584.88
Sunita Singh,Electronics,130268.18
Arjun Patel,Sports,10411.35
Vikram Singh,Electronics,180888.8
Rahul Sharma,Beauty,12188.57
Aarav Bose,Groceries,2491.46
Kavya Sharma,Furniture,191258.73
Pooja Patel,Furniture,14719.17
Ritu Joshi,Sports,86000.34
Aditya Chatterjee,Beauty,5747.77
Amit Reddy,Books,1449.86
Priya Shah,Electronics,197546.47
Nisha Nair,Sports,3192.22
Ritu Gupta,Electronics,182018.37
Meera Patel,Groceries,1215.29
Rahul Singh,Electronics,31528.73
Aditya Nair,Groceries,1586.7
Ananya Singh,Furniture,12705.04
Arjun Bose,Furniture,13208.25
Nisha Kumar,Books,1040.24
Amit Rao,Electronics,176221.6
Rahul Mehta,Books,3554.23
Vikram Verma,Clothing,5294.75
Meera Kapoor,Electronics,247342.73
Amit Singh,Clothing,14616.34
Nikhil Kumar,Beauty,19204.0
Nisha Gupta,Sports,54877.82
Ananya Verma,Beauty,2271.48
Karan Mishra,Sports,13694.75
Priya Chatterjee,Beauty,1209.0
Sunita Bose,Furniture,53652.43
Priya Bose,Sports,20228.5
Aditya Mishra,Books,9412.99
Rohan Bhat,Clothing,4360.69
Aarav Mishra,Clothing,3766.06
Aditya Patel,Books,3679.38
Ananya Shah,Books,5878.72
Shreya Gupta,Books,2804.09
Pooja Bhat,Groceries,1665.43
Vikram Gupta,Beauty,4784.7
Aditya Pillai,Electronics,105694.63
Vikram Gupta,Groceries,258.54
Meera Iyer,Groceries,855.21
Ritu Bhat,Groceries,1270.29
Shreya Shah,Clothing,35409.06
Rohan Verma,Clothing,5186.09
Sanjay Mishra,Beauty,13938.43
Priya Shah,Beauty,2825.92
Arjun Patel,Beauty,15281.74
Kavya Kapoor,Clothing,3326.03
Rohan Bhat,Electronics,221219.87
Rahul Rao,Beauty,2408.87
Ananya Singh,Electronics,202708.19
Ritu Gupta,Furniture,161990.01
Aarav Rao,Electronics,271257.62
Ananya Shah,Books,1424.19
Meera Nair,Furniture,79749.85
Sunita Reddy,Electronics,281237.44
Ritu Mishra,Electronics,523395.38
Kavya Bose,Electronics,106383.22
Amit Bose,Books,4643.97
Rahul Mishra,Furniture,154037.83
Meera Kumar,Groceries,1426.02
Nikhil Chatterjee,Groceries,531.13
,,
Aarav Singh,Clothing,32366.71
Deepa Nair,Electronics,50301.08
Amit Bose,Clothing,7459.65
Aditya Patel,Furniture,51661.63
Ananya Mishra,Furniture,215673.94
Rohan Mehta,Clothing,8259.53
Arjun Rao,Beauty,2046.31
Karan Iyer,Sports,47607.55
Kavya Reddy,Clothing,31426.55
Sanjay Gupta,Sports,10108.14
Aarav Sharma,Clothing,1022.04
Vikram Mishra,Electronics,647259.03
Priya Singh,Groceries,1431.69
Amit Reddy,Groceries,1491.46
Ananya Bhat,Sports,9678.82
Kavya Bhat,Beauty,3186.03
Aditya Bose,Groceries,5100.96
Sunita Chatterjee,Groceries,325.22
Ananya Singh,Sports,51448.04
Nikhil Nair,Groceries,268.86
Meera Kumar,Furniture,61642.35
Ananya Bhat,Books,5619.07
Arjun Bose,Sports,57299.76
Kavya Shah,Groceries,2258.19
Sanjay Bhat,Beauty,8709.27
Nisha Rao,Books,560.43
Deepa Sharma,Books,539.57
Aditya Das,Beauty,18524.57
Rahul Bhat,Beauty,2826.56
Deepa Mehta,Beauty,14916.43
Nikhil Mishra,Electronics,79433.81
Nikhil Bhat,Sports,39215.89
Ananya Gupta,Furniture,475250.99
Rohan Kapoor,Furniture,21297.23
Shreya Bose,Sports,618.29
Rahul Sharma,Electronics,482509.98
Sanjay Joshi,Books,216.04
Deepa Iyer,Clothing,22647.02
Ritu Mehta,Sports,11764.77
Shreya Bhat,Beauty,10118.86
Nisha Patel,Books,2606.02
Karan Mishra,Sports,66009.55
Amit Reddy,Groceries,2656.34
Arjun Reddy,Clothing,31229.97
Ananya Kumar,Sports,11714.4
Pooja Singh,Electronics,371584.08
Rohan Rao,Sports,14790.65
Vikram Shah,Books,2139.34
Meera Kumar,Books,1186.63
Kavya Iyer,Groceries,2163.54
Rahul Shah,Beauty,30857.19
Priya Mehta,Clothing,2790.47
Ritu Shah,Sports,25140.26
Ritu Gupta,Sports,14376.69
Aarav Patel,Groceries,132.26
Amit Das,Beauty,5867.49
Aditya Gupta,Clothing,4117.6
Amit Kumar,Furniture,103163.26
Nisha Kumar,Beauty,8975.56
Kavya Kumar,Beauty,1867.03
Amit Patel,Sports,52648.79
Karan Rao,Beauty,9293.85
Meera Pillai,Sports,12021.65
Amit Verma,Clothing,9663.61
Rahul Sharma,Sports,32632.91
Rahul Nair,Sports,84123.31
Priya Kumar,Groceries,1593.89
Ritu Shah,Electronics,16558.81
Karan Nair,Clothing,47758.51
Kavya Reddy,Clothing,14780.74
Karan Verma,Furniture,356477.73
Aditya Patel,Beauty,10729.59
Shreya Iyer,Electronics,68948.2
Shreya Pillai,Beauty,6658.21
Sunita Das,Beauty,6564.17
Ananya Kumar,Electronics,18619.85
Deepa Das,Beauty,4385.27
Aditya Rao,Clothing,3493.62
Sunita Verma,Groceries,1379.32
Deepa Gupta,Beauty,5331.18
Kavya Rao,Sports,98825.46
Aarav Mehta,Books,960.99
Sunita Patel,Electronics,204235.41
Nisha Mehta,Beauty,3402.85
Ritu Chatterjee,Furniture,123743.08
Aditya Das,Books,1754.21
Ritu Joshi,Furniture,251225.51
Karan Bose,Clothing,4033.47
Amit Kapoor,Sports,22682.85
Shreya Patel,Clothing,2217.29
Ritu Gupta,Clothing,3776.1
Kavya Mehta,Books,1538.2
Meera Reddy,Groceries,1072.27
Shreya Mishra,Books,6095.48
Sunita Rao,Books,11448.61
Amit Mishra,Sports,1106.02
Karan Nair,Furniture,157002.59
Ritu Patel,Electronics,571655.9
Rahul Bose,Furniture,66859.47
Sunita Reddy,Books,699.17
Sanjay Singh,Clothing,8503.76
Meera Shah,Beauty,14214.4
Aditya Iyer,Sports,3842.87
Rohan Bhat,Clothing,1958.29
Rahul Iyer,Books,7769.9
Priya Verma,Groceries,2171.58
Deepa Chatterjee,Books,3628.96
Rahul Bose,Groceries,2966.57
Karan Patel,Sports,30187.27
Nikhil Shah,Sports,39508.65
Nisha Joshi,Electronics,19360.65
Shreya Mishra,Electronics,538833.63
Aarav Verma,Beauty,3724.57
,,
Ananya Rao,Furniture,25389.56
Amit Mehta,Furniture,90019.76
Ritu Bose,Beauty,2271.02
Sunita Mishra,Electronics,154095.36
Arjun Reddy,Sports,4599.35
Vikram Bhat,Groceries,564.98
Karan Rao,Clothing,14005.89
Vikram Rao,Sports,73166.71
Nisha Shah,Furniture,34892.59
Ananya Reddy,Clothing,25267.42
Ananya Patel,Beauty,5920.27
Kavya Joshi,Electronics,436216.85
Nisha Iyer,Clothing,15452.12
Karan Reddy,Electronics,353527.87
Amit Bhat,Books,1278.54
Nikhil Iyer,Beauty,4268.95
Pooja Rao,Beauty,2751.04
Nisha Shah,Electronics,281133.54
Pooja Chatterjee,Clothing,23548.92
Ritu Bose,Books,5241.79
Shreya Bose,Groceries,3183.79
Aditya Kumar,Beauty,643.64
Karan Verma,Furniture,10840.71
Rohan Bhat,Electronics,95994.28
Meera Verma,Electronics,63975.84
Rahul Bhat,Sports,44053.34
Karan Shah,Books,3566.39
Nikhil Joshi,Sports,28327.7
Sunita Bose,Sports,11315.53
Vikram Sharma,Beauty,5621.99
Ritu Mishra,Electronics,51680.51
Nisha Iyer,Sports,4790.25
Vikram Das,Beauty,1828.13
Kavya Shah,Beauty,9882.2
Pooja Pillai,Clothing,26237.94
Pooja Verma,Electronics,238162.29
Pooja Chatterjee,Electronics,18096.43
Ritu Kumar,Clothing,9330.68
Ananya Sharma,Books,1032.77
Nikhil Joshi,Furniture,8461.81
Shreya Rao,Books,1015.04
Kavya Reddy,Beauty,10495.02
Priya Pillai,Furniture,21348.67
Amit Sharma,Electronics,78608.45
Amit Chatterjee,Groceries,435.55
Nikhil Patel,Sports,35739.9
Arjun Bhat,Groceries,1288.33
Arjun Pillai,Clothing,1246.04
Pooja Patel,Books,2819.84
Arjun Das,Groceries,818.88
Karan Verma,Electronics,130564.4
Ananya Kumar,Sports,106448.38
Shreya Kapoor,Electronics,266029.05
Karan Rao,Electronics,80565.98
Sunita Bhat,Beauty,429.47
Pooja Chatterjee,Clothing,5511.95
Meera Kumar,Sports,99575.7
Pooja Pillai,Electronics,400648.58
Rohan Mishra,Furniture,53952.69
Rahul Patel,Clothing,9605.16
Meera Shah,Sports,17024.05
Rahul Rao,Beauty,3695.81
Shreya Joshi,Sports,19963.26
Amit Singh,Furniture,186136.9
Arjun Gupta,Clothing,14243.78
Nisha Gupta,Electronics,145274.42
Sunita Chatterjee,Beauty,5679.24
Ritu Bose,Groceries,1373.62
Deepa Bhat,Furniture,42758.89
Priya Das,Clothing,3015.82
Rahul Sharma,Clothing,1938.25
Sanjay Bose,Clothing,664.52
Vikram Joshi,Clothing,24539.81
Sanjay Kapoor,Groceries,1026.65
Karan Verma,Beauty,3569.04
Vikram Kapoor,Books,10694.49
Vikram Mehta,Beauty,1734.31
Sanjay Mehta,Clothing,6753.1
Shreya Singh,Furniture,9976.28
Kavya Das,Sports,7659.05
Kavya Shah,Sports,7375.32
Sanjay Singh,Electronics,173570.72
Arjun Kumar,Furniture,22350.68
Vikram Patel,Books,2492.55
Vikram Joshi,Sports,30208.26
Shreya Bhat,Clothing,1723.9
Aarav Sharma,Sports,10169.91
Nikhil Sharma,Books,5253.1
Rahul Sharma,Groceries,891.35
Karan Gupta,Electronics,159763.82
Aarav Singh,Groceries,3659.71
Aarav Kapoor,Groceries,3507.4
Rohan Kapoor,Books,1896.15
Nikhil Pillai,Groceries,1455.0
Amit Reddy,Furniture,185665.67
Ananya Gupta,Electronics,179559.91
Aditya Singh,Beauty,1205.28
Ananya Mehta,Electronics,248755.47
Nikhil Singh,Groceries,1216.57
Nisha Sharma,Books,1052.33
Pooja Mishra,Books,8220.04
Nisha Patel,Books,1249.54
Arjun Sharma,Sports,47812.7
Aarav Gupta,Sports,68019.81
Aarav Gupta,Books,5862.96
Karan Das,Furniture,90617.58
Amit Reddy,Books,7343.37
Shreya Kumar,Furniture,138458.15
Meera Patel,Books,6552.28
Meera Bhat,Electronics,258421.55
Vikram Pillai,Books,3635.51
Meera Singh,Beauty,9023.4
Ananya Verma,Sports,101289.99
Pooja Pillai,Books,6567.18
Vikram Gupta,Furniture,189801.32
Aarav Singh,Electronics,259751.74
Aarav Joshi,Electronics,270538.05
Priya Kumar,Electronics,374026.43
Pooja Chatterjee,Sports,6923.51
Nikhil Mishra,Groceries,817.39
Kavya Joshi,Sports,16571.32
Arjun Sharma,Sports,5170.48
Nikhil Chatterjee,Electronics,32461.48
Amit Kumar,Electronics,165469.13
Rahul Shah,Groceries,728.29
Aarav Chatterjee,Groceries,3296.41
Pooja Bhat,Groceries,270.5
Pooja Nair,Furniture,102410.73
Shreya Bose,Groceries,3271.29
Rohan Gupta,Furniture,128843.9
Nisha Mehta,Furniture,16660.91
Sunita Iyer,Books,2369.15
Aditya Nair,Furniture,190620.36
Priya Kumar,Clothing,6527.94
Vikram Gupta,Clothing,1813.71
Aditya Iyer,Furniture,9242.24
Karan Nair,Clothing,7720.71
Nikhil Nair,Electronics,212011.56
Pooja Das,Electronics,102960.53
Ritu Shah,Beauty,1821.82
Kavya Mishra,Groceries,245.84
Priya Joshi,Clothing,29990.07
Shreya Mehta,Groceries,1417.4
Sunita Reddy,Books,1452.88
Rohan Shah,Sports,6238.78
Priya Kumar,Groceries,255.27
Amit Nair,Sports,11417.09
Ritu Iyer,Beauty,5755.36
Rohan Nair,Groceries,1805.25
Kavya Gupta,Books,2878.52
Kavya Gupta,Books,2123.41
Sunita Joshi,Groceries,3460.81
Aditya Shah,Groceries,1631.61
Priya Sharma,Furniture,267856.83
Shreya Shah,Electronics,113953.25
Rohan Kumar,Sports,22421.86
Sunita Shah,Clothing,8461.34
Deepa Mehta,Books,616.48
Meera Nair,Sports,24706.43
Deepa Chatterjee,Clothing,8547.02
Vikram Mehta,Groceries,1360.85
Ritu Reddy,Books,1255.85
Kavya Reddy,Electronics,77559.67
Sanjay Das,Clothing,4890.43
Nikhil Patel,Sports,11604.33
Rohan Bhat,Clothing,2772.19
Nisha Rao,Furniture,238669.42
Meera Iyer,Clothing,11834.57
Nisha Sharma,Beauty,3369.84
Amit Sharma,Books,449.09
Deepa Rao,Electronics,29639.22
Vikram Verma,Books,11967.15
Shreya Mishra,Books,1825.08
Amit Sharma,Groceries,2079.81
Shreya Sharma,Sports,53077.76
Kavya Rao,Clothing,6367.6
Rahul Singh,Books,4064.17
Shreya Bose,Clothing,10464.16
Shreya Nair,Furniture,183102.21
Shreya Bhat,Sports,12167.28
Nisha Chatterjee,Groceries,240.6
Sunita Iyer,Electronics,148714.97
Nisha Bose,Groceries,3424.01
Ananya Mehta,Clothing,7291.61
Arjun Sharma,Clothing,3056.64
Priya Singh,Clothing,9475.19
Pooja Chatterjee,Beauty,4007.33
Aditya Pillai,Sports,67291.55
Karan Kapoor,Furniture,208563.97
Ananya Singh,Groceries,858.05
Sanjay Mehta,Groceries,2308.05
Vikram Pillai,Furniture,182249.65
Karan Kumar,Clothing,592.57
Sanjay Bhat,Beauty,5967.23
Sanjay Sharma,Clothing,2211.38
Sanjay Iyer,Electronics,368280.67
Nisha Singh,Beauty,1341.05
Ananya Gupta,Furniture,122018.19
Karan Bose,Furniture,61837.22
Kavya Patel,Electronics,148143.49
Deepa Rao,Groceries,977.56
Sunita Rao,Books,2110.73
Nikhil Singh,Groceries,2484.78
Amit Gupta,Clothing,7119.27
Sanjay Joshi,Groceries,1074.27
Deepa Sharma,Electronics,748589.49
Vikram Bose,Sports,44932.24
Rahul Verma,Furniture,3057.58
Nikhil Kapoor,Groceries,515.74
Ananya Mehta,Electronics,456663.98
Arjun Bhat,Beauty,13804.56
Pooja Chatterjee,Groceries,344.42
Deepa Patel,Electronics,195002.92
Meera Joshi,Groceries,1605.72
Deepa Rao,Groceries,72.22
Sanjay Patel,Furniture,49127.13
Sanjay Kumar,Electronics,103626.93
Ananya Reddy,Beauty,1450.96
Karan Bhat,Books,6671.63
Sunita Singh,Clothing,6186.65
Deepa Kumar,Beauty,991.85
Priya Mishra,Sports,124055.48
Amit Shah,Beauty,3268.13
Meera Iyer,Clothing,775.04
Rohan Mehta,Groceries,2368.54
Arjun Sharma,Beauty,10354.54
Karan Joshi,Beauty,2646.86
Ritu Kapoor,Books,8777.25
Aarav Singh,Electronics,31838.58
Arjun Patel,Books,8709.88
Nikhil Gupta,Furniture,63872.39
Ritu Mishra,Beauty,2675.94
Aditya Rao,Clothing,14896.36
Pooja Patel,Electronics,169372.37
Aditya Sharma,Furniture,20552.2
Karan Kumar,Electronics,281102.55
Rahul Nair,Sports,84123.31
Rahul Joshi,Sports,42140.22
Arjun Kapoor,Books,5866.43
Ritu Verma,Books,2857.33
Vikram Das,Sports,15450.95
Rohan Nair,Sports,3563.24
Sanjay Bose,Sports,60345.97
Arjun Kapoor,Sports,9018.03
Shreya Reddy,Beauty,1306.86
Sunita Gupta,Clothing,2711.94
Rohan Shah,Clothing,7577.9
Amit Bose,Clothing,9585.11
Shreya Bhat,Groceries,854.73
Arjun Gupta,Clothing,9558.85
Sanjay Chatterjee,Furniture,33590.83
Vikram Shah,Electronics,101185.85
Nisha Sharma,Sports,28783.41
Nikhil Mehta,Beauty,5688.97
Sunita Iyer,Books,1432.65
Aarav Joshi,Books,969.44
Arjun Bhat,Clothing,15129.46
Aditya Iyer,Electronics,163008.08
Priya Joshi,Sports,106749.94
Amit Singh,Beauty,600.84
Rahul Pillai,Sports,90858.69
Rohan Kapoor,Furniture,43871.43
Pooja Singh,Beauty,632.17
Nisha Shah,Groceries,145.65
Arjun Rao,Groceries,4033.84
Shreya Pillai,Sports,3117.15
Arjun Sharma,Furniture,33795.38
Ananya Reddy,Beauty,5754.84
Kavya Mehta,Electronics,17734.88
Rahul Gupta,Sports,128078.44
Nisha Pillai,Beauty,660.97
Sanjay Das,Beauty,6213.65
Meera Rao,Beauty,9449.37
Aarav Nair,Beauty,3896.02
Karan Singh,Furniture,300897.35
Aarav Mehta,Beauty,13573.13
Nikhil Chatterjee,Groceries,1284.63
Shreya Shah,Books,344.18
Meera Iyer,Books,1929.18
Kavya Iyer,Electronics,55070.91
Pooja Patel,Electronics,203704.25
Kavya Shah,Beauty,7442.31
Rahul Iyer,Clothing,4502.68
Arjun Iyer,Beauty,1005.23
Rohan Mehta,Clothing,420.97
Rohan Das,Sports,79710.68
Meera Kumar,Clothing,13960.24
Rohan Iyer,Books,4278.59
Aditya Shah,Furniture,7801.91
Amit Gupta,Clothing,7257.03
Vikram Sharma,Groceries,574.2
Priya Patel,Books,485.28
Vikram Nair,Electronics,205453.46
Sanjay Kapoor,Books,678.92
Karan Verma,Books,2627.87
Meera Chatterjee,Electronics,188453.46
Amit Bose,Clothing,862.61
Vikram Shah,Furniture,70662.81
Nisha Reddy,Electronics,12588.84
Nisha Kapoor,Groceries,480.61
Shreya Sharma,Furniture,87226.55
Vikram Kumar,Furniture,13846.15
Nisha Kapoor,Sports,81467.43
Priya Singh,Sports,64012.37
Amit Rao,Sports,36168.33
Nisha Singh,Beauty,5850.88
Amit Mishra,Clothing,11519.71
Ananya Shah,Furniture,8585.93
Ritu Singh,Clothing,6223.33
Ritu Mishra,Books,537.64
Vikram Joshi,Sports,30208.26
Ananya Kumar,Sports,52222.52
Sanjay Shah,Clothing,2055.62
Shreya Das,Beauty,2416.41
Vikram Kapoor,Beauty,10957.9
Rahul Singh,Sports,21400.72
Aditya Das,Clothing,12023.58
Arjun Kumar,Books,1721.22
Rohan Kapoor,Groceries,2226.94
Amit Verma,Groceries,1113.01
Karan Reddy,Books,1085.19
Ananya Patel,Books,937.39
Aditya Sharma,Electronics,157351.1
Shreya Pillai,Sports,43004.45
Amit Reddy,Electronics,377991.95
Shreya Mishra,Beauty,2459.79
Deepa Chatterjee,Sports,4745.09
Pooja Gupta,Electronics,187015.17
Arjun Nair,Groceries,375.59
Pooja Verma,Electronics,289044.77
Sunita Reddy,Beauty,13435.71
Nikhil Shah,Clothing,775.74
Nikhil Shah,Groceries,1632.98
Rahul Pillai,Sports,12971.64
Karan Kumar,Electronics,68016.24
Rahul Sharma,Furniture,237087.2
Kavya Mehta,Furniture,53090.46
Aarav Das,Sports,113358.26
Shreya Mehta,Books,8445.01
Nisha Reddy,Beauty,7728.92
Amit Sharma,Books,9456.02
Aditya Kumar,Books,4481.56
Deepa Mehta,Groceries,1669.01
Aditya Mehta,Clothing,15369.71
Aditya Chatterjee,Furniture,341316.69
Karan Reddy,Furniture,112518.3
Arjun Iyer,Electronics,62813.98
Deepa Chatterjee,Electronics,822702.48
Rohan Kapoor,Groceries,907.65
Vikram Nair,Furniture,82824.15
Rahul Mishra,Groceries,175.14
Rohan Shah,Electronics,26028.1
Nikhil Kapoor,Furniture,300720.72
Meera Gupta,Electronics,208512.34
Nikhil Kumar,Electronics,62547.07
,,
Aditya Bose,Sports,46089.54
Aditya Shah,Sports,5526.04
Meera Mehta,Clothing,19680.42
Priya Bose,Groceries,5735.84
Vikram Chatterjee,Books,1329.23
Kavya Rao,Books,9425.16
Ritu Rao,Clothing,14092.58
Nikhil Kumar,Books,6393.22
Arjun Pillai,Sports,84559.35
Pooja Chatterjee,Sports,89199.08
Sunita Pillai,Electronics,235156.16
Sunita Das,Books,9257.42
Rohan Nair,Beauty,8793.46
Kavya Kapoor,Groceries,1256.75
Aarav Verma,Books,1075.92
Nisha Mehta,Beauty,6404.35
Sunita Kumar,Beauty,9661.83
Ritu Singh,Sports,17471.63
Amit Patel,Groceries,1094.67
Shreya Pillai,Clothing,12440.45
Aarav Iyer,Furniture,255508.83
Aarav Mehta,Beauty,14507.61
Nisha Singh,Electronics,494382.28
Vikram Shah,Sports,81878.9
Nikhil Nair,Groceries,5002.24
Rohan Chatterjee,Books,729651.06
Shreya Mehta,Books,10383.44
Arjun Bhat,Clothing,37327.01
Aditya Iyer,Groceries,2456.41
Priya Iyer,Groceries,2876.59
Nisha Pillai,Electronics,42423.95
Aditya Mehta,Furniture,154408.51
Aditya Rao,Electronics,470774.92
Ritu Reddy,Sports,96151.04
Kavya Reddy,Books,1113.83
Aarav Reddy,Clothing,6874.97
Priya Gupta,Sports,129179.48
Priya Kumar,Furniture,93910.03
Priya Bose,Books,3288.5
Arjun Mishra,Electronics,173058.34
Rahul Reddy,Groceries,485.67
Aditya Kumar,Groceries,4803.63
Kavya Joshi,Clothing,25352.89
Meera Patel,Groceries,1501.76
Ritu Mehta,Sports,16007.63
Aditya Mehta,Electronics,211978.75
Aarav Kapoor,Beauty,2458.7
Kavya Mehta,Books,1372.2
Ritu Nair,Electronics,210085.4
Sanjay Joshi,Clothing,25653.59
Ananya Shah,Beauty,12820.21
,,
Deepa Nair,Books,8558.35
Priya Verma,Furniture,170809.51
Rohan Kumar,Beauty,999.56
Rahul Patel,Groceries,838.13
Rahul Mishra,Clothing,20334.29
Aditya Iyer,Books,5550.8
Kavya Iyer,Beauty,2697.26
Sunita Bose,Sports,97179.05
Arjun Bose,Furniture,139624.11
Aarav Rao,Books,1696.93
Rahul Singh,Sports,54615.07
Meera Das,Groceries,986.8
Meera Mishra,Sports,4149.57
Kavya Patel,Furniture,191023.49
Meera Reddy,Sports,31412.17
Meera Verma,Books,6137.27
Priya Shah,Books,7627.11
Aarav Bose,Groceries,103.31
Kavya Singh,Furniture,296109.08
Meera Pillai,Electronics,75119.27
Deepa Pillai,Clothing,1542.53
Nisha Sharma,Clothing,10952.86
Vikram Reddy,Electronics,48541.55
Nisha Shah,Sports,43423.68
Amit Singh,Beauty,777.12
Arjun Nair,Sports,78776.93
Deepa Chatterjee,Electronics,29027.34
Aditya Joshi,Sports,13742.69
Kavya Patel,Groceries,1561.49
Pooja Bhat,Groceries,4349.83
Shreya Mishra,Furniture,155865.09
Karan Kapoor,Groceries,1844.79
Nisha Mehta,Electronics,30120.16
Nikhil Reddy,Books,2797.51
Nikhil Joshi,Furniture,12378.84
Ananya Pillai,Beauty,4045.87
Ritu Mehta,Electronics,191499.56
Priya Das,Furniture,87908.48
Karan Bhat,Clothing,3938.32
Amit Gupta,Groceries,304.23
Amit Shah,Groceries,4084.65
Karan Iyer,Books,2561.17
Ananya Nair,Sports,727.57
Ritu Rao,Furniture,44039.5
Kavya Mishra,Furniture,198759.57
Sunita Shah,Books,1458.67
Kavya Kumar,Beauty,4465.04
Ananya Pillai,Groceries,3726.88
Aditya Shah,Sports,120212.0
Karan Singh,Books,4718.43
Arjun Gupta,Furniture,27756.98
Ritu Chatterjee,Sports,9647.73
Vikram Nair,Clothing,29360.23
Shreya Mehta,Beauty,3450.53
Karan Pillai,Furniture,295846.81
Shreya Joshi,Groceries,1697.64
Karan Reddy,Books,5074.93
Arjun Reddy,Furniture,88033.69
Aarav Kumar,Sports,60476.18
Pooja Bose,Clothing,28793.88
Aarav Sharma,Furniture,19748.43
Aditya Sharma,Groceries,807.18
Sunita Nair,Groceries,1339.61
Aditya Mehta,Books,3916.31
Aarav Bose,Clothing,2020.82
Rahul Shah,Beauty,30857.19
Nikhil Pillai,Groceries,2269.73
Priya Verma,Electronics,593837.1
Shreya Shah,Beauty,7782.1
Vikram Mehta,Furniture,256959.11
Shreya Mehta,Beauty,1495.87
Kavya Kapoor,Groceries,1058.44
Meera Kumar,Clothing,2115.12
Ananya Pillai,Clothing,2281458.22
Amit Joshi,Beauty,6361.05
Rahul Patel,Clothing,3156.27
Pooja Das,Groceries,989.86
Sanjay Kumar,Groceries,1777.49
Kavya Gupta,Furniture,87388.37
Pooja Kapoor,Clothing,2618.73
Ritu Iyer,Electronics,189388.83
Aarav Joshi,Clothing,11305.88
Priya Mishra,Sports,46691.07
Aarav Joshi,Sports,30150.8
Deepa Mishra,Groceries,2940.06
Aditya Das,Sports,31946.52
Arjun Reddy,Beauty,9081.45
Karan Patel,Groceries,4521.17
Aarav Nair,Groceries,499.25
Arjun Kapoor,Groceries,586.06
Nikhil Sharma,Electronics,27456.59
Sunita Gupta,Electronics,293380.85
Arjun Das,Electronics,74980.19
Rahul Iyer,Electronics,25982.59
Deepa Mishra,Electronics,6373.28
Pooja Verma,Furniture,14966.05
Karan Rao,Beauty,112.78
Nikhil Iyer,Beauty,4476.08
Sanjay Nair,Books,8262.31
Nisha Bhat,Sports,7936261.2
Sanjay Gupta,Groceries,739.35
Pooja Shah,Beauty,4998.52
Arjun Chatterjee,Clothing,16565.63
Pooja Nair,Books,2565.08
Ritu Shah,Groceries,2725.99
Nisha Bose,Sports,12066.97
Amit Singh,Clothing,9005.15
Meera Joshi,Electronics,39941.04
Kavya Nair,Beauty,3809.66
Ritu Patel,Electronics,238441.62
Rahul Reddy,Sports,10395.54
Priya Mishra,Groceries,1976.85
Karan Mehta,Clothing,22477.05
Vikram Rao,Clothing,9349.02
Ritu Iyer,Clothing,25508.14
Pooja Nair,Sports,143841.57
Kavya Gupta,Books,2496.6
Rahul Bhat,Beauty,12426.65
Nisha Pillai,Clothing,5468.29
Karan Patel,Groceries,5372.93
Nisha Mehta,Sports,40614.59
Rahul Nair,Books,3369.46
Sanjay Kapoor,Groceries,705.38
Pooja Nair,Books,4458.93
Priya Iyer,Books,1765.74
Arjun Chatterjee,Electronics,27894.98
Ritu Reddy,Books,4363.93
Rahul Joshi,Groceries,1788.09
Deepa Kumar,Groceries,2947.93
Rahul Mehta,Furniture,29507.88
Sanjay Kumar,Clothing,4220.0
Ananya Chatterjee,Sports,2473.0
Karan Bhat,Groceries,710.96
Arjun Shah,Sports,39194.69
Pooja Kumar,Clothing,25651.74
Kavya Reddy,Furniture,214328.13
Aditya Mehta,Sports,49123.38
Sunita Iyer,Books,6627.97
Rohan Das,Beauty,18873.13
Ananya Joshi,Furniture,174116.21
Karan Shah,Books,973.92
Karan Kapoor,Clothing,8060.63
Aarav Gupta,Furniture,83123.74
Pooja Joshi,Books,3102.98
Shreya Mishra,Sports,121250.56
Nisha Bhat,Books,1691.13
Meera Iyer,Furniture,22527.45
Rohan Pillai,Books,4550.23
Aarav Gupta,Beauty,8056.36
Meera Chatterjee,Groceries,83.75
Nikhil Kapoor,Beauty,2439.84
Priya Bhat,Electronics,242331.73
Pooja Bose,Furniture,57845.42
Deepa Das,Furniture,22238.65
Nikhil Verma,Electronics,35330.16
Sunita Iyer,Groceries,1597.57
Rahul Joshi,Groceries,1337.09
Nisha Kapoor,Groceries,999.98
Pooja Mehta,Furniture,20187.04
Sunita Reddy,Beauty,8503.47
Sunita Bose,Clothing,23273.58
Priya Rao,Books,4314.77
Nikhil Verma,Clothing,21070.99
Nikhil Patel,Electronics,274146.04
Shreya Shah,Electronics,18570.7
Aditya Gupta,Books,8544.42
Vikram Das,Electronics,89772.04
Rahul Das,Electronics,509672.92
Rahul Sharma,Beauty,1203.63
Sanjay Iyer,Sports,84861.96
Sunita Nair,Beauty,764.26
Vikram Das,Sports,14254.8
Karan Mehta,Clothing,13172.15
Deepa Singh,Books,11676.23
Ananya Verma,Books,7279.36
Rohan Chatterjee,Furniture,119623.01
Ritu Iyer,Beauty,5580.64
Nikhil Kapoor,Groceries,2510.56
Priya Nair,Sports,21635.72
Pooja Singh,Clothing,8012.86
Rohan Mishra,Books,5174.52
Amit Sharma,Beauty,1312.85
Sunita Shah,Sports,14415.44
Ananya Singh,Clothing,31403.77
Rohan Bhat,Clothing,10071.36
Kavya Chatterjee,Groceries,1984.26
Arjun Verma,Electronics,72400.09
Sunita Shah,Beauty,9135.75
Sunita Gupta,Groceries,370.8
Sanjay Iyer,Electronics,514656.3
Pooja Gupta,Sports,20744.7
Meera Nair,Beauty,2317.03
Meera Verma,Electronics,49758.87
Priya Mishra,Furniture,65545.14
Rahul Patel,Furniture,17323.1
Rohan Iyer,Books,910.56
Nikhil Mehta,Clothing,11379.73
Pooja Chatterjee,Books,2893.27
Ananya Kapoor,Groceries,87.71
Sunita Bose,Clothing,40561.11
Rahul Sharma,Furniture,93700.04
Karan Chatterjee,Beauty,8273.92
Kavya Joshi,Clothing,12579.87
Ritu Kapoor,Clothing,16207.04
Aditya Gupta,Sports,166583.26
Vikram Verma,Books,9214.56
Deepa Bose,Furniture,16374.89
Vikram Reddy,Furniture,63758.45
Priya Das,Electronics,700761.7
Arjun Rao,Electronics,736732.69
Rahul Kapoor,Electronics,232526.04
Ritu Kumar,Electronics,526880.46
Nikhil Kumar,Books,1767.24
Vikram Singh,Books,1040.65
Shreya Gupta,Books,6644.53
Sunita Bose,Sports,51880.09
Rohan Verma,Sports,7914.11
Ritu Mehta,Furniture,79635.1
Arjun Gupta,Electronics,158246.41
Ritu Bose,Clothing,4150.51
Kavya Verma,Clothing,10588.9
Vikram Bose,Groceries,814.46
Sunita Bose,Books,733.62
Rahul Mishra,Books,2753.41
Kavya Pillai,Electronics,296590.44
Deepa Bose,Electronics,119306.63
Shreya Shah,Furniture,95197.56
Kavya Iyer,Furniture,98477.31
Ananya Bhat,Clothing,3745.45
Aarav Nair,Sports,79795.54
Karan Mehta,Clothing,18294.23
Arjun Pillai,Clothing,15759.57
Priya Mishra,Clothing,7846.07
Ritu Bose,Electronics,16579.98
Deepa Rao,Electronics,38771.85
Sunita Reddy,Groceries,579.76
Rohan Das,Beauty,18873.13
Nisha Verma,Clothing,33393.53
Arjun Kumar,Clothing,12041.48
Ananya Kapoor,Sports,10418.77
Nikhil Pillai,Electronics,535096.15
Aditya Shah,Clothing,29349.38
Nikhil Rao,Furniture,93169.87
Sunita Shah,Books,5604.17
Vikram Nair,Groceries,2357.5
Deepa Singh,Electronics,216523.83
Vikram Bhat,Furniture,10874.57
Arjun Bhat,Beauty,903.41
Amit Verma,Groceries,759.97
Sunita Kapoor,Sports,4503.3
Sunita Patel,Books,6295.77
Vikram Iyer,Electronics,7936.89
Sunita Kumar,Books,4630.24
Rohan Joshi,Beauty,6225.11
Arjun Das,Electronics,67236.76
Aarav Singh,Electronics,53607.17
Kavya Kumar,Books,1258.03
Nisha Kumar,Furniture,2715.55
Priya Gupta,Books,3014.3
Vikram Chatterjee,Groceries,955.25
Arjun Verma,Groceries,1502.19
Priya Mehta,Sports,16327.78
Meera Shah,Books,1480.71
Priya Verma,Beauty,8215.07
Nisha Sharma,Books,2614.74
Aarav Iyer,Furniture,9670.53
Aarav Patel,Beauty,11841.76
Nikhil Verma,Clothing,645.7
Meera Nair,Sports,9667.42
Rahul Verma,Electronics,121912.78
Shreya Bose,Electronics,278998.42
Arjun Singh,Sports,11320.18
Priya Patel,Beauty,4504.96
Ritu Nair,Groceries,1807.15
Shreya Singh,Beauty,999.41
Sunita Pillai,Clothing,4977.33
Kavya Kapoor,Clothing,3326.03
Pooja Mishra,Electronics,852478.05
Vikram Kumar,Sports,14299.68
Rahul Chatterjee,Electronics,832824.46
Priya Iyer,Books,4942.58
Kavya Das,Sports,50117.69
Priya Shah,Furniture,101055.44
Deepa Bhat,Groceries,1704.17
Meera Patel,Beauty,3443.74
Sanjay Gupta,Electronics,56864.2
Sanjay Bhat,Beauty,10594.06
Sunita Singh,Furniture,41709.71
Amit Mehta,Books,808.84
Deepa Gupta,Furniture,164321.16
Kavya Singh,Furniture,116887.25
Rahul Gupta,Electronics,25126.0
Nisha Nair,Groceries,302.37
Aarav Kapoor,Clothing,6972.95
Priya Rao,Clothing,22849.8
Nisha Kapoor,Books,6986.54
Sanjay Kumar,Electronics,359836.7
Karan Singh,Sports,7194.38
Meera Das,Sports,11935.37
Aditya Pillai,Sports,12487.02
Ritu Kumar,Sports,140742.77
Aarav Singh,Clothing,2238.06
Shreya Mishra,Books,801.85
Rahul Shah,Beauty,3560.92
Meera Sharma,Sports,13542.42
Priya Singh,Sports,5109.23
Shreya Singh,Clothing,2691.37
Nikhil Chatterjee,Books,2078.56
Rohan Bose,Clothing,20906.55
Ananya Kapoor,Books,3284.38
Sanjay Rao,Electronics,941142.08
Aarav Pillai,Clothing,1298.32
Vikram Patel,Furniture,131437.57
Meera Das,Groceries,1630.03
Kavya Shah,Books,1030.55
Rohan Gupta,Groceries,357.63
Nisha Kumar,Furniture,118422.68
Kavya Chatterjee,Beauty,1195.99
Sanjay Joshi,Groceries,923.93
Arjun Sharma,Groceries,561.92
Aarav Mehta,Groceries,1081.17
Ritu Rao,Groceries,43.37
Nisha Kapoor,Sports,36459.41
Arjun Mehta,Groceries,3472.2
Aarav Pillai,Beauty,27141.72
Priya Chatterjee,Furniture,222317.82
Pooja Kumar,Clothing,3473.11
Sanjay Joshi,Books,2462.15
Kavya Pillai,Clothing,26432.66
Ritu Reddy,Electronics,206094.85
Ritu Bose,Groceries,614.69
Shreya Gupta,Books,5029.55
Sunita Bhat,Beauty,5534.19
Nisha Mehta,Clothing,3236.74
Deepa Patel,Furniture,268698.01
Nisha Verma,Electronics,151708.44
Shreya Shah,Sports,50601.3
Arjun Shah,Books,642.25
Pooja Chatterjee,Books,10991.18
Sanjay Bose,Groceries,1720.56
Nikhil Chatterjee,Books,4651.11
Pooja Iyer,Furniture,156258.37
Deepa Das,Clothing,8685.88
Rahul Pillai,Clothing,13144.99
Arjun Verma,Electronics,604434.02
Nisha Mishra,Beauty,2886.91
Rahul Bhat,Groceries,638.01
Aditya Mishra,Beauty,6476.71
Deepa Singh,Groceries,1758.81
Kavya Joshi,Furniture,75488.55
Shreya Verma,Groceries,407.16
Meera Joshi,Clothing,4653.0
Pooja Das,Sports,43806.61
Pooja Pillai,Clothing,17421.06
Rahul Shah,Furniture,23868.33
Aditya Bhat,Sports,88135.47
Amit Iyer,Groceries,1125.86
Deepa Reddy,Sports,20269.39
Karan Patel,Electronics,203835.56
Kavya Kapoor,Electronics,73309.14
Ritu Mehta,Electronics,175205.59
Vikram Mishra,Groceries,2378.41
Ritu Gupta,Beauty,921.87
Meera Bhat,Groceries,572.84
Arjun Das,Clothing,3259.85
Karan Bose,Groceries,766.42
Pooja Mishra,Sports,63223.16
Sunita Joshi,Groceries,580.22
Aditya Bose,Clothing,18870.57
Nikhil Mehta,Sports,13731.31
Rohan Das,Groceries,2839.68
Amit Das,Electronics,442866.28
Sanjay Iyer,Groceries,181.61
Shreya Kumar,Groceries,253.58
Amit Reddy,Books,3378.55
Shreya Kumar,Furniture,39110.3
Nikhil Nair,Clothing,15799.82
Pooja Sharma,Furniture,7172.01
Deepa Joshi,Groceries,625.44
Ananya Sharma,Groceries,235.01
Amit Verma,Clothing,19751.99
Nisha Singh,Books,3171.19
Ritu Das,Beauty,15333.34
Rohan Kapoor,Clothing,4738.37
Sunita Nair,Clothing,13350.85
Shreya Das,Clothing,33772.34
Sanjay Das,Groceries,395.46
Rahul Bose,Beauty,1250.93
Amit Rao,Electronics,81693.15
Kavya Joshi,Books,2368.12
Nisha Patel,Beauty,11838.84
Ananya Iyer,Clothing,1412.65
Nikhil Pillai,Sports,37930.36
Rohan Joshi,Furniture,154810.39
Kavya Mehta,Books,3604.16
Vikram Joshi,Beauty,3774.97
Meera Chatterjee,Books,2895.46
Kavya Patel,Books,243.47
Priya Bose,Clothing,8950.43
Amit Sharma,Sports,15448.23
Rohan Verma,Electronics,174884.92
Amit Reddy,Beauty,788.32
Rahul Gupta,Books,901.37
Vikram Chatterjee,Sports,14785.98
Vikram Verma,Furniture,86856.88
Sanjay Rao,Electronics,172376.29
Deepa Reddy,Clothing,3544.92
Priya Reddy,Beauty,2114.44
Nikhil Kapoor,Beauty,1644.73
Nisha Kumar,Books,8377.27
Ritu Nair,Electronics,255897.86
Meera Rao,Furniture,8848.99
Kavya Joshi,Sports,22623.39
Shreya Patel,Sports,168816.96
Sunita Kapoor,Sports,50681.89
Pooja Mishra,Groceries,169.55
Ananya Bhat,Clothing,17929.64
Meera Rao,Beauty,12133.55
Priya Mehta,Books,6041.95
Sunita Patel,Furniture,35253.8
Amit Rao,Groceries,3258.96
Priya Iyer,Groceries,842.74
Nikhil Patel,Books,1527.32
Nikhil Gupta,Clothing,16226.61
Pooja Mehta,Books,828.78
Pooja Kapoor,Beauty,3770.64
Vikram Patel,Clothing,13392.95
Sanjay Singh,Groceries,1919.38
Arjun Gupta,Groceries,850.9
Nisha Bose,Groceries,371.3
Meera Mishra,Beauty,2301.14
Ananya Bose,Clothing,14003.32
Ritu Rao,Books,431.92
Aarav Singh,Clothing,4594.66
Ritu Chatterjee,Furniture,22272.46
Sunita Singh,Beauty,7920.74
Rohan Rao,Beauty,13547.2
Amit Verma,Electronics,619186.18
Rahul Kumar,Beauty,1096.54
Ananya Shah,Furniture,165325.69
Ananya Kapoor,Clothing,1580.05
Ritu Bhat,Sports,4867.16
Meera Verma,Electronics,355300.24
Nikhil Verma,Furniture,20778.29
Sanjay Verma,Clothing,21771.76
Amit Iyer,Beauty,6032.13
Karan Pillai,Clothing,7894.09
Amit Mehta,Beauty,10130.45
Meera Mishra,Groceries,564.09
Rohan Bose,Furniture,22406.7
Sanjay Mehta,Electronics,518764.77
Rahul Gupta,Beauty,2700.49
Amit Mishra,Furniture,11388.89
Ananya Bhat,Beauty,6179.59
Aarav Mehta,Electronics,418460.95
Arjun Nair,Sports,14887.84
Vikram Sharma,Clothing,2622.68
Ananya Gupta,Sports,40821.89
Sunita Joshi,Books,539.18
Karan Chatterjee,Books,458.12
Sunita Das,Furniture,4179.32
Nisha Rao,Beauty,15078.05
Sunita Das,Clothing,7950.72
Vikram Mehta,Clothing,16832.81
Kavya Gupta,Groceries,487.77
Nisha Nair,Electronics,350565.99
Amit Bose,Furniture,85481.83
Aditya Patel,Electronics,186369.89
Nisha Iyer,Furniture,40736.49
Aditya Bose,Clothing,27923.07
Aditya Das,Clothing,5032.59
Ananya Kapoor,Sports,22984.85
Pooja Chatterjee,Beauty,21578.84
Aarav Pillai,Beauty,11610.5
Aditya Bose,Clothing,16597.51
Karan Kumar,Furniture,60313.96
Kavya Das,Groceries,1086.05
Deepa Nair,Sports,8175.82
,,
Sanjay Gupta,Furniture,193913.96
Karan Joshi,Electronics,34158.03
Priya Rao,Groceries,1000.55
Deepa Mehta,Electronics,468129.68
Priya Bhat,Books,2151.39
Sunita Das,Beauty,9829.11
Vikram Iyer,Furniture,116528.23
Aarav Reddy,Books,2194.06
Nikhil Nair,Sports,40572.08
Shreya Sharma,Clothing,670.73
Ritu Mishra,Furniture,95157.91
Rohan Sharma,Groceries,1195.3
Sanjay Verma,Groceries,801.8
Rohan Mehta,Electronics,377676.65
,,
Meera Chatterjee,Groceries,225.58
Aditya Chatterjee,Beauty,18377.46
Nisha Gupta,Clothing,6196.59
Arjun Singh,Electronics,30862.38
Karan Kumar,Electronics,376670.08
Vikram Mishra,Books,7024.12
Deepa Rao,Clothing,18541.83
Nisha Kapoor,Electronics,58711.83
Amit Kapoor,Sports,14109.98
Nisha Das,Clothing,15791.37
Vikram Mehta,Furniture,11706.31
Ritu Joshi,Beauty,1359.0
Sunita Kumar,Electronics,221917.54
Pooja Kapoor,Electronics,52626.5
Ananya Mishra,Sports,14497.79
Sunita Patel,Electronics,265931.19
Karan Reddy,Groceries,2847.85
Ananya Mehta,Books,2387.56
Sanjay Das,Sports,4428.27
Amit Reddy,Beauty,17885.64
Sanjay Patel,Beauty,12286.54
Shreya Mehta,Sports,18094.21
Rohan Iyer,Books,2902.07
Kavya Joshi,Sports,6436.16
Pooja Verma,Furniture,234872.45
Priya Verma,Sports,9056.57
Ritu Das,Furniture,52202.49
Meera Chatterjee,Furniture,180991.0
Amit Pillai,Clothing,3207.24
Arjun Bose,Beauty,12556.26
Nikhil Verma,Clothing,645.7
Ananya Bhat,Groceries,2486.44
Meera Shah,Books,2702.94
Priya Chatterjee,Furniture,181240.28
Karan Sharma,Clothing,17829.4
Nikhil Rao,Books,8327.23
Priya Kapoor,Groceries,272.5
Sunita Kumar,Groceries,239.3
Amit Verma,Beauty,2047.13
Meera Mishra,Books,1598.88
Karan Nair,Furniture,47340.73
Aditya Kumar,Furniture,46326.9
Nikhil Verma,Beauty,6413.16
Nikhil Kumar,Furniture,154185.05
Shreya Mehta,Sports,19621.74
Sunita Reddy,Books,4674.41
Arjun Mishra,Beauty,1560.83
Pooja Mehta,Furniture,208628.7
Sunita Mishra,Books,7286.92
Ritu Shah,Furniture,291832.52
Arjun Chatterjee,Electronics,571749.49
Nisha Mishra,Clothing,8060.61
Karan Bhat,Electronics,413676.41
Ananya Singh,Clothing,32567.59
Kavya Bhat,Electronics,90409.82
Kavya Gupta,Groceries,164.22
Amit Chatterjee,Books,2033.79
Rohan Iyer,Sports,16264.24
Sanjay Nair,Beauty,3802.28
Deepa Nair,Groceries,4245.67
Rohan Sharma,Electronics,83619.76
Nisha Bose,Sports,48326.79
Priya Gupta,Clothing,2998.78
Arjun Gupta,Furniture,6692.45
Deepa Mehta,Beauty,3672.85
Nikhil Verma,Furniture,6353.83
Ananya Bhat,Clothing,20358.13
Sanjay Bhat,Furniture,242532.88
Ritu Verma,Electronics,109973.4
Sanjay Verma,Groceries,407.29
Sanjay Nair,Groceries,2084.9
Sanjay Joshi,Beauty,3737.3
Rahul Pillai,Furniture,35090.43
Sunita Verma,Groceries,1379.32
Aarav Bhat,Clothing,3644.03
Sanjay Pillai,Clothing,728.66
Deepa Das,Clothing,3457.5
Arjun Verma,Sports,43058.66
Sunita Patel,Electronics,161534.85
Priya Shah,Electronics,176358.34
Priya Verma,Clothing,12090.22
Amit Rao,Clothing,1082.08
Nikhil Nair,Groceries,289.25
Nikhil Singh,Books,12168.87
Shreya Mehta,Groceries,224.85
Aarav Kumar,Sports,2038.22
Nikhil Kapoor,Beauty,1926.55
Shreya Reddy,Electronics,38513.55
Sanjay Chatterjee,Clothing,5775.71
Priya Nair,Clothing,14431.7
Rahul Verma,Beauty,8572.24
Amit Bhat,Clothing,22010.44
Rahul Bhat,Books,6190.12
Priya Iyer,Groceries,1169.61
Sunita Iyer,Sports,4315.27
Ritu Singh,Clothing,5932.93
Vikram Pillai,Groceries,85.28
Karan Kumar,Groceries,998.96
Nikhil Gupta,Clothing,10659.76
Deepa Bhat,Electronics,95589.48
Sanjay Chatterjee,Electronics,218210.41
Ananya Verma,Furniture,135556.47
Nisha Joshi,Sports,7778.83
Vikram Mehta,Sports,27238.57
Priya Mishra,Furniture,222707.41
Rahul Chatterjee,Groceries,256.35
Arjun Joshi,Sports,5996.92
Kavya Joshi,Groceries,2870.12
Meera Mehta,Groceries,834.1
Vikram Iyer,Beauty,2362.96
Aarav Chatterjee,Groceries,1315.86
Aditya Pillai,Sports,61888.65
Priya Mehta,Books,691.57
Sanjay Verma,Sports,20094.94
Shreya Verma,Clothing,2724.49
Nikhil Verma,Furniture,61938.25
Rahul Sharma,Clothing,4248.99
Rahul Bhat,Electronics,92969.99
Sanjay Shah,Electronics,134393.01
Deepa Reddy,Clothing,7092.35
Rahul Bhat,Beauty,6161.42
Meera Kumar,Clothing,2115.12
Deepa Iyer,Clothing,22968.4
Pooja Kumar,Beauty,8593.6
Rohan Shah,Groceries,1215.84
Sunita Patel,Sports,102179.33
Shreya Das,Sports,7469.13
Aditya Nair,Furniture,22799.71
Deepa Bose,Clothing,2760.68
Shreya Bhat,Furniture,5594.1
Ananya Mishra,Groceries,449.07
Aditya Patel,Beauty,1370.12
Sunita Shah,Electronics,41239.82
Rohan Joshi,Sports,56010.61
Rohan Joshi,Beauty,4252.35
Priya Mehta,Books,930.59
Rahul Mehta,Electronics,741493.84
Aditya Mishra,Furniture,104668.88
Vikram Nair,Beauty,16126.18
Aarav Reddy,Groceries,3690.15
Shreya Iyer,Sports,3446.01
Nikhil Mishra,Sports,46118.01
Aarav Verma,Sports,2128.61
Amit Chatterjee,Clothing,3561.8
Rohan Pillai,Furniture,162459.18
Kavya Patel,Sports,64932.35
Ananya Reddy,Groceries,2501.07
Nisha Verma,Clothing,19650.37
Priya Kumar,Furniture,15219.05
Vikram Verma,Beauty,4621.52
Karan Kumar,Beauty,3426.91
Arjun Rao,Furniture,148485.58
Rahul Kapoor,Books,6020.0
Rohan Chatterjee,Beauty,12821.19
Vikram Iyer,Groceries,63.44
Nisha Sharma,Groceries,1212.94
Ritu Gupta,Books,1371.74
Arjun Bose,Groceries,989.57
Aditya Kumar,Electronics,386566.32
Meera Sharma,Beauty,6934.59
Ritu Gupta,Groceries,155.91
Ritu Bose,Clothing,13572.12
Nisha Mehta,Beauty,3655.87
Priya Patel,Groceries,44.61
Sunita Pillai,Furniture,206121.15
Rahul Shah,Electronics,285560.12
Rohan Iyer,Clothing,7027.6
Sunita Singh,Groceries,140042.31
Nikhil Bose,Furniture,5002.7
Karan Sharma,Sports,79877.72
Shreya Gupta,Beauty,13737.04
Kavya Gupta,Clothing,12589.64
Sanjay Pillai,Groceries,1325.61
Kavya Shah,Sports,27674.49
Rahul Mehta,Sports,51799.45
Nikhil Kumar,Books,4234.64
Rohan Patel,Sports,4385.2
Pooja Kapoor,Books,5556.24
Arjun Gupta,Sports,2751.01
Ananya Kapoor,Clothing,12519.02
Kavya Das,Furniture,45443.23
Ritu Sharma,Electronics,461808.2
Karan Das,Clothing,32142.13
Ananya Bose,Groceries,3088.56
Shreya Joshi,Clothing,3954.93
Amit Das,Furniture,43451.64
Aarav Bose,Sports,13163.06
Rahul Shah,Groceries,1099.56
Priya Kapoor,Sports,12389.87
Priya Nair,Books,649.52
Kavya Kapoor,Groceries,3127.61
Karan Bose,Sports,41379.36
Priya Nair,Clothing,10261.46
Shreya Bose,Sports,53982.41
Aarav Iyer,Sports,55630.33
Priya Iyer,Clothing,1513.98
Arjun Iyer,Sports,26851.31
Aarav Pillai,Beauty,4074.48
Aarav Singh,Groceries,525.6
Vikram Mehta,Sports,3475.68
Amit Verma,Beauty,11716.75
Nisha Sharma,Beauty,10590.69
Ritu Gupta,Groceries,5155.01
Shreya Gupta,Sports,26168.55
Shreya Patel,Books,805.43
Sunita Iyer,Groceries,1450.57
Deepa Reddy,Furniture,193354.91
Nikhil Verma,Sports,11449.66
Shreya Chatterjee,Groceries,1854.03
Arjun Chatterjee,Clothing,1592.69
Meera Kumar,Books,18658.74
Aditya Sharma,Electronics,30220.53
Nikhil Kumar,Sports,27176.51
Sunita Reddy,Furniture,218880.02
Sanjay Pillai,Furniture,55435.55
Ananya Das,Books,1656.41
Sunita Mishra,Groceries,3411.77
Amit Das,Books,6592.36
Pooja Singh,Sports,11448.72
Nikhil Kumar,Clothing,6933.33
Sunita Das,Furniture,67800.68
Priya Gupta,Groceries,937.24
Arjun Joshi,Groceries,357.77
Sanjay Joshi,Clothing,6551.79
Ananya Nair,Beauty,4462.82
Aditya Singh,Books,2460.25
Vikram Sharma,Furniture,54182.97
Nisha Mishra,Beauty,20282.55
Priya Mehta,Electronics,439375.74
Rohan Mishra,Electronics,175909.3
Rahul Das,Groceries,187.22
Nikhil Mehta,Sports,85772.89
,,
Sunita Nair,Furniture,211554.01
Deepa Bhat,Clothing,10384.52
Shreya Iyer,Clothing,6848.48
Kavya Joshi,Sports,29844.9
Deepa Kapoor,Sports,30351.3
Kavya Chatterjee,Sports,8032.2
Karan Rao,Beauty,4243.13
Aarav Singh,Electronics,85348.7
Deepa Nair,Beauty,13508.5
Priya Mehta,Clothing,10944.9
Sanjay Reddy,Sports,43179.3
Aditya Kumar,Groceries,2631.92
Shreya Gupta,Clothing,2768.11
,,
Sanjay Verma,Books,6739.7
Priya Mishra,Groceries,203.22
Karan Patel,Furniture,176966.47
Sanjay Kumar,Books,1381.05
Shreya Verma,Beauty,1268.77
Pooja Nair,Clothing,20518.25
Ananya Nair,Sports,10430.01
Pooja Verma,Clothing,6775.69
Sanjay Kapoor,Beauty,9813.33
Sunita Nair,Books,2149.26
Meera Singh,Clothing,9153.05
Aditya Shah,Beauty,21174.44
Arjun Bose,Books,1766.12
Ananya Verma,Beauty,20189.33
Aarav Kapoor,Furniture,169000.08
Aarav Verma,Electronics,374699.96
Meera Rao,Beauty,1848.67
Priya Chatterjee,Furniture,18273.96
Meera Kapoor,Sports,28369.38
Vikram Gupta,Books,658.25
Deepa Chatterjee,Electronics,30490.51
Vikram Mehta,Electronics,681333.41
Arjun Reddy,Electronics,18050.43
Meera Bhat,Books,9080.88
Sanjay Nair,Beauty,8522.19
Ananya Bose,Clothing,2642.47
Karan Pillai,Clothing,2708.74
Nisha Shah,Furniture,118898.21
Shreya Mishra,Beauty,820.75
Shreya Kapoor,Sports,51595.93
Karan Iyer,Furniture,133325.05
Aditya Sharma,Beauty,6778.86
Nisha Joshi,Electronics,209838.58
Kavya Bhat,Books,1990.92
Karan Pillai,Electronics,20167.52
Nikhil Rao,Groceries,845.64
Meera Sharma,Groceries,480.57
Pooja Singh,Electronics,72535.92
Aarav Iyer,Books,9688.33
Shreya Rao,Books,8604.24
Deepa Gupta,Electronics,99867.38
Rohan Verma,Books,2679.11
Vikram Rao,Electronics,287543.2
Rohan Das,Groceries,75.65
Shreya Shah,Groceries,141.61
Meera Patel,Furniture,103693.59
Meera Joshi,Furniture,94253.6
Aarav Gupta,Groceries,3253.67
Nikhil Singh,Sports,12705.05
Rohan Singh,Clothing,10230.52
Amit Singh,Beauty,2157.36
Nikhil Kumar,Electronics,118670.05
Nisha Chatterjee,Beauty,4038.37
Kavya Gupta,Books,1966.41
Sunita Pillai,Clothing,11886.58
Meera Joshi,Groceries,2050.95
Priya Sharma,Furniture,23212.41
Deepa Joshi,Sports,995.97
Arjun Mehta,Furniture,20183.9
Arjun Das,Electronics,98800.7
Sunita Rao,Electronics,118310.73
Vikram Mehta,Furniture,140013.27
Kavya Rao,Sports,24205.27
Meera Chatterjee,Beauty,17600.22
Vikram Pillai,Furniture,21791.52
Deepa Shah,Beauty,627.35
Vikram Rao,Sports,73166.71
Karan Gupta,Electronics,134271.79
Karan Mishra,Groceries,2209.98
Ananya Chatterjee,Groceries,1473.23
Priya Sharma,Beauty,8759.65
Sanjay Pillai,Sports,91510.11
Ritu Pillai,Beauty,7094.52
Kavya Gupta,Sports,45619.3
Sanjay Bose,Clothing,20759.02
Sanjay Reddy,Clothing,3968.93
Nikhil Das,Clothing,5928.17
Rohan Kapoor,Groceries,823.95
Sunita Mehta,Electronics,431186.13
Rahul Bhat,Clothing,306.13
Nikhil Gupta,Groceries,5619.54
Nisha Patel,Sports,4861.13
Ritu Singh,Furniture,267926.31
Kavya Bhat,Clothing,197.49
Pooja Sharma,Furniture,100424.49
Sanjay Gupta,Clothing,5697.27
Kavya Chatterjee,Clothing,5433.3
Shreya Mehta,Furniture,296392.0
Pooja Patel,Beauty,6723.8
Arjun Patel,Electronics,574778.48
Ananya Das,Electronics,569729.38
Arjun Sharma,Beauty,1260.05
Aarav Mishra,Clothing,14497.49
Karan Singh,Electronics,122369.56
Amit Kapoor,Furniture,15810.15
Kavya Joshi,Electronics,113780.49
Sanjay Mishra,Groceries,1210.0
Ananya Kapoor,Beauty,15243.16
Rahul Chatterjee,Furniture,131495.05
Shreya Bhat,Clothing,2837.9
Shreya Gupta,Clothing,2768.11
Deepa Verma,Clothing,4736.01
Rohan Pillai,Clothing,5012.78
Rahul Reddy,Beauty,12767.61
Shreya Patel,Beauty,20223.59
Deepa Das,Sports,6264.27
Meera Patel,Books,2355.01
Meera Bose,Sports,35996.57
Karan Mishra,Beauty,3859.69
Kavya Kumar,Furniture,161632.18
Priya Gupta,Beauty,9301.95
Arjun Chatterjee,Furniture,314322.83
Rahul Pillai,Beauty,855.12
Rohan Gupta,Books,749.27
Sanjay Nair,Books,558.63
Vikram Singh,Electronics,17014.88
Vikram Chatterjee,Groceries,379.74
Arjun Kapoor,Beauty,17279.23
Shreya Bose,Beauty,712.63
Meera Rao,Clothing,12137.21
Pooja Shah,Clothing,1313.73
Meera Bhat,Beauty,14983.29
Pooja Gupta,Clothing,22365.27
Arjun Das,Sports,98451.07
Arjun Iyer,Furniture,67902.84
Meera Kapoor,Books,743.9
Aarav Gupta,Electronics,236615.76
Karan Singh,Clothing,17538.68
Priya Reddy,Electronics,18387.23
Shreya Iyer,Furniture,22747.1
Nikhil Mehta,Books,670.92
Aarav Singh,Electronics,36063.91
Ananya Singh,Clothing,5549.01
Shreya Iyer,Clothing,17882.7
Karan Kumar,Electronics,91325.87
Amit Sharma,Sports,55849.13
Meera Reddy,Groceries,2282.59
Aarav Mishra,Beauty,2011.95
Sanjay Mishra,Furniture,139972.33
Nikhil Mishra,Beauty,3118.32
Karan Singh,Furniture,17838.52
Shreya Rao,Clothing,4877.97
Shreya Kapoor,Sports,102057.62
Sunita Chatterjee,Clothing,23271.28
Amit Iyer,Groceries,2474.96
Arjun Chatterjee,Sports,34788.58
Rohan Kumar,Beauty,6829.99
Aditya Chatterjee,Groceries,365.47
Meera Bose,Books,10104.81
Sanjay Patel,Furniture,81959.99
Kavya Rao,Groceries,1613.26
Ananya Mehta,Beauty,5360.98
Aarav Patel,Sports,8297.84
Priya Bose,Groceries,478.16
Nikhil Verma,Clothing,26003.08
Vikram Verma,Sports,25085.42
Karan Joshi,Furniture,99451.13
Rahul Mehta,Groceries,864.08
Karan Verma,Sports,22706.45
Ananya Das,Furniture,36389.7
Karan Gupta,Electronics,182429.15
Aarav Das,Sports,29752.47
Rohan Sharma,Clothing,1555.54
Ananya Joshi,Clothing,2842.15
Amit Shah,Electronics,656523.77
,,
Shreya Chatterjee,Books,2822.94
Kavya Shah,Electronics,155853.93
Nikhil Gupta,Groceries,100.19
Sanjay Reddy,Beauty,835.93
Meera Pillai,Sports,54563.15
Ritu Iyer,Books,9875.31
Amit Rao,Sports,690.69
Ananya Bose,Beauty,3082.23
Sanjay Joshi,Books,1967.1
Meera Joshi,Beauty,3216.13
Karan Bose,Clothing,11584.23
Shreya Kumar,Furniture,138458.15
Arjun Pillai,Groceries,3545.6
Amit Gupta,Groceries,622.58
Amit Bose,Beauty,9435.38
Ananya Mishra,Groceries,4375.33
Kavya Kapoor,Beauty,4995.33
Deepa Kumar,Electronics,367164.54
Vikram Patel,Clothing,35762.76
Ritu Shah,Books,1484.35
Ananya Rao,Furniture,6687.73
Pooja Rao,Sports,1901.73
Nisha Sharma,Books,10275.52
Rohan Iyer,Electronics,72139.33
Vikram Nair,Groceries,746.03
Karan Patel,Groceries,1001.11
Ritu Kumar,Electronics,252848.3
Rohan Reddy,Clothing,822.61
Vikram Mehta,Beauty,3015.35
Karan Joshi,Electronics,86706.37
Amit Reddy,Furniture,103669.31
Vikram Joshi,Beauty,6752.84
Meera Nair,Electronics,804932.74
Rohan Reddy,Sports,62506.61
Rohan Kumar,Sports,52303.18
Priya Reddy,Books,10261.94
Rahul Mehta,Electronics,150513.04
Rohan Rao,Electronics,241104.48
Vikram Iyer,Books,9490.36
Rahul Kapoor,Clothing,16375.14
Nisha Rao,Books,14606.35
Sunita Rao,Clothing,4971.68
Meera Singh,Electronics,211771.49
Shreya Chatterjee,Clothing,10170.2
Priya Verma,Clothing,2718.27
Deepa Patel,Groceries,697.7
Nikhil Gupta,Furniture,61498.27
Nisha Kapoor,Electronics,166334.16
Shreya Sharma,Beauty,19172.07
Priya Shah,Sports,24013.4
Ritu Bhat,Books,4662.11
Arjun Mehta,Beauty,5821.33
Aarav Iyer,Furniture,59488.18
Aarav Reddy,Clothing,11158.23
Aditya Bhat,Clothing,309.09
Shreya Verma,Electronics,568045.49
Nikhil Reddy,Beauty,21442.1
Vikram Kumar,Groceries,1244.96
Rohan Iyer,Books,8920.66
Ananya Bose,Clothing,5209.29
Nisha Singh,Clothing,675.21
Karan Verma,Beauty,14115.57
Ananya Patel,Beauty,1421.67
Sanjay Bose,Furniture,137113.34
Aditya Sharma,Sports,10684.14
Rahul Iyer,Sports,36572.47
Amit Mishra,Furniture,23921.04
Karan Das,Furniture,6213.75
Aditya Kumar,Furniture,13583.09
Ananya Kumar,Clothing,2521.39
Shreya Rao,Groceries,250.84
Arjun Mehta,Clothing,2399.51
Rohan Kumar,Furniture,45840.04
Meera Iyer,Clothing,6109.24
Nisha Kumar,Electronics,22315.35
Karan Bose,Books,581.38
Sanjay Nair,Electronics,439744.01
Nikhil Bose,Clothing,25205.24
Nisha Nair,Sports,62381.81
Karan Das,Furniture,14757.73
Priya Kumar,Groceries,1867.23
Amit Kumar,Clothing,319.67
Rohan Singh,Sports,24870.66
Pooja Reddy,Groceries,2061.0
Deepa Shah,Beauty,24185.57
Ritu Das,Clothing,8555.42
Vikram Rao,Furniture,25153.93
Ritu Nair,Beauty,1753.17
Aarav Sharma,Electronics,27641.06
Priya Reddy,Clothing,1531.45
Karan Bose,Books,1128.03
Arjun Rao,Clothing,17118.02
Nikhil Nair,Electronics,125197.09
Amit Kumar,Books,1031.47
Rohan Sharma,Groceries,42.95
Nisha Mehta,Clothing,2509.02
Aarav Nair,Groceries,241.87
Deepa Das,Groceries,775.23
Shreya Rao,Books,1609.93
Priya Patel,Sports,39181.0
Sunita Joshi,Books,1147.42
Rahul Mehta,Books,5300.77
Arjun Sharma,Groceries,1034.27
Deepa Pillai,Groceries,372.56
Sunita Verma,Beauty,2124.79
Aditya Verma,Beauty,3170.9
Pooja Reddy,Furniture,16406.42
Sanjay Kapoor,Clothing,6250.27
Pooja Kumar,Furniture,41826.38
Karan Joshi,Beauty,6511.18
Ananya Sharma,Groceries,2233.08
Karan Singh,Clothing,9298.94
Pooja Das,Furniture,59295.25
Deepa Sharma,Beauty,9914.18
Arjun Mishra,Clothing,1762.59
Shreya Verma,Books,1063.82
Nisha Pillai,Electronics,192332.91
Rahul Joshi,Clothing,3463.77
Ananya Bhat,Books,1754.08
Sanjay Bose,Beauty,7423.51
Meera Kumar,Beauty,9957.12
Sanjay Gupta,Beauty,15785.6
Aditya Bhat,Sports,31396.56
Nikhil Iyer,Beauty,1266.22
Amit Gupta,Electronics,388387.0
Rahul Mehta,Groceries,771.78
Karan Nair,Sports,13905.79
Deepa Chatterjee,Electronics,197944.28
Kavya Joshi,Books,4385.24
Deepa Rao,Electronics,332387.04
Sanjay Bhat,Sports,14018.12
Nikhil Kapoor,Electronics,507797.13
Karan Das,Clothing,3388.3
Rahul Kapoor,Books,147.13
Deepa Shah,Beauty,8816.24
Deepa Reddy,Sports,84384.27
Rohan Pillai,Sports,20381.48
Nikhil Kumar,Electronics,43647.67
Sanjay Das,Beauty,3874.82
Priya Rao,Books,8533.63
Deepa Bhat,Electronics,593268.71
Nikhil Gupta,Beauty,7473.19
Sunita Mehta,Books,7011.74
Kavya Reddy,Furniture,38719.41
Ananya Verma,Groceries,1629.41
Rohan Shah,Books,4009.71
Aditya Sharma,Books,3828.22
Nisha Sharma,Furniture,235297.53
Nisha Pillai,Clothing,437.15
Arjun Kumar,Clothing,15431.87
Rohan Rao,Groceries,322.97
Arjun Gupta,Beauty,2125.39
Deepa Joshi,Sports,58029.61
Ritu Pillai,Electronics,272766.46
Meera Patel,Furniture,77191.05
Sanjay Mishra,Furniture,66850.76
Pooja Singh,Electronics,77317.66
Aarav Mehta,Groceries,117.1
Amit Sharma,Sports,599.05
Rahul Das,Groceries,1077.34
Vikram Patel,Clothing,4679.31
Nisha Gupta,Books,9112.71
Ananya Singh,Sports,22131.2
Meera Bhat,Sports,9997.67
Shreya Iyer,Groceries,819.11
Aditya Das,Furniture,82620.44
Sunita Mehta,Clothing,2711.38
Sunita Chatterjee,Books,479.27
Amit Bhat,Sports,39253.99
Nikhil Kumar,Books,17944.78
Deepa Singh,Furniture,345009.69
Priya Bhat,Furniture,218854.99
Nisha Reddy,Sports,47648.68
Ritu Chatterjee,Furniture,29270.92
Rahul Gupta,Furniture,99545.13
Sunita Joshi,Books,6316.69
Meera Kapoor,Clothing,1880.14
Priya Verma,Sports,80527.42
Sanjay Kumar,Clothing,15986.56
Rohan Kapoor,Groceries,376.21
Karan Iyer,Electronics,134225.29
Nikhil Kumar,Clothing,1062.19
Amit Chatterjee,Furniture,23527.01
Rohan Singh,Books,6674.12
Rahul Bose,Groceries,2966.57
Aarav Bose,Furniture,83916.22
Nisha Iyer,Beauty,3664.34
Pooja Pillai,Furniture,39890.37
Vikram Iyer,Groceries,1026.71
Aarav Sharma,Groceries,906.06
Sunita Chatterjee,Beauty,6276.07
Sunita Shah,Sports,26770.77
Aarav Chatterjee,Beauty,946.09
Nisha Nair,Electronics,229987.15
Rohan Pillai,Furniture,54184.88
Vikram Bhat,Books,11341.51
Kavya Nair,Groceries,1171.24
Aarav Reddy,Books,5636.59
Nikhil Bose,Beauty,13305.74
Vikram Patel,Beauty,10370.78
Ritu Kapoor,Groceries,234.91
Pooja Singh,Clothing,5626.31
Sunita Iyer,Clothing,21413.39
Sunita Bhat,Books,6120.48
Deepa Rao,Clothing,3024.95
Sunita Kumar,Groceries,432.75
Deepa Das,Furniture,47377.21
Arjun Mehta,Furniture,225188.99
Nikhil Bhat,Electronics,224338.28
Karan Patel,Electronics,97596.74
Karan Singh,Furniture,64795.12
Sunita Iyer,Sports,4315.27
Amit Nair,Beauty,2172.24
Sunita Bose,Sports,6584.46
Karan Kumar,Groceries,308.15
Priya Kumar,Furniture,89382.21
Pooja Iyer,Clothing,31127.41
Arjun Joshi,Beauty,1117.68
Deepa Kumar,Books,1164.72
Ananya Bose,Sports,107237.51
Nikhil Joshi,Books,418.25
Aditya Sharma,Clothing,2286.71
Meera Chatterjee,Groceries,83.75
Vikram Bhat,Sports,18963.56
Rahul Reddy,Books,1602.1
Ritu Mishra,Electronics,523395.38
Kavya Patel,Beauty,637.16
Sanjay Mehta,Sports,31683.87
Arjun Chatterjee,Groceries,311.53
Aditya Nair,Furniture,4191.15
Aditya Kapoor,Clothing,14192.8
Aditya Kapoor,Electronics,58454.57
Shreya Gupta,Books,533420.31
Pooja Patel,Books,7887.35
Ananya Shah,Beauty,2138.54
Amit Singh,Clothing,36428.87
Aarav Reddy,Furniture,158612.18
Ananya Gupta,Electronics,534701.88
Meera Kumar,Books,2017.48
Ananya Chatterjee,Sports,14915.74
Nisha Reddy,Beauty,15979.96
Amit Bhat,Clothing,22010.44
Nisha Mehta,Sports,162026.24
Vikram Joshi,Beauty,1937.2
Deepa Sharma,Furniture,49453.99
Shreya Kapoor,Sports,44585.53
Vikram Singh,Electronics,265801.33
Deepa Pillai,Furniture,95653.07
Rahul Bose,Electronics,21555.19
Shreya Iyer,Sports,129797.26
Deepa Joshi,Beauty,2879.46
Pooja Patel,Electronics,398128.01
Pooja Joshi,Groceries,1124.8
Pooja Verma,Clothing,11174.44
Karan Kapoor,Groceries,1844.79
Arjun Das,Beauty,5386.67
Rahul Pillai,Clothing,7195.72
Rahul Shah,Beauty,2469.37
Ritu Bose,Books,3048.93
Vikram Pillai,Groceries,1241.25
Aditya Singh,Furniture,30147.32
Sunita Bhat,Furniture,38600.0
Rahul Singh,Clothing,8279.04
Amit Pillai,Clothing,2762.31
Rahul Rao,Books,8693.53
Pooja Rao,Electronics,388463.02
Karan Kumar,Books,4221.36
Deepa Chatterjee,Groceries,550.67
Rahul Nair,Beauty,7877.59
Deepa Kumar,Clothing,8220.71
Aarav Pillai,Groceries,572.04
Ritu Patel,Beauty,8050.97
Ritu Kapoor,Beauty,2239.49
Shreya Singh,Books,1366.97
Vikram Chatterjee,Sports,54271.82
Shreya Das,Sports,21213.25
Pooja Nair,Electronics,273026.12
Arjun Gupta,Groceries,270.6
Rohan Iyer,Books,5121.1
Shreya Chatterjee,Sports,48651.38
Rohan Das,Furniture,89031.36
Ritu Singh,Furniture,34535.76
Nisha Das,Beauty,3581.26
Aditya Chatterjee,Beauty,24431.83
Ritu Singh,Electronics,16893.75
Meera Nair,Electronics,145540.46
Deepa Mehta,Books,4517.75
Karan Joshi,Groceries,1143.9
Arjun Mishra,Clothing,1346.05
,,
Deepa Rao,Electronics,63960.07
Meera Iyer,Clothing,3357.38
Deepa Sharma,Electronics,298694.87
Aarav Kapoor,Furniture,176331.64
Sunita Rao,Books,2120.28
Sanjay Bose,Furniture,192313.69
Nisha Chatterjee,Books,1242.55
Arjun Patel,Sports,23341.98
Meera Reddy,Sports,39073.02
Pooja Reddy,Groceries,90.79
Rahul Bose,Clothing,2034.49
Rahul Chatterjee,Beauty,7932.49
Pooja Pillai,Furniture,10381.04
Nikhil Rao,Furniture,20925.93
Nisha Das,Electronics,30626.0
Rahul Kapoor,Sports,125535.27
Karan Singh,Clothing,10968.02
Vikram Singh,Beauty,11510.54
Shreya Verma,Books,3609.86
Priya Singh,Beauty,1615.85
Karan Bose,Books,1050.25
Karan Kapoor,Sports,11658.53
Arjun Chatterjee,Electronics,57280.67
Ananya Das,Beauty,1679.21
Ritu Iyer,Clothing,1788.88
Aditya Shah,Books,1180.61
Aditya Joshi,Electronics,157988.2
Shreya Chatterjee,Beauty,2666.59
Shreya Joshi,Sports,122070.77
Arjun Singh,Books,7046.17
Meera Kumar,Sports,83316.58
Vikram Pillai,Furniture,52590.42
Nikhil Bhat,Electronics,79475.61
Sunita Das,Sports,109073.66
Nikhil Chatterjee,Beauty,20065.84
Rohan Kapoor,Books,5901.9
Rahul Chatterjee,Sports,71889.86
Nisha Das,Electronics,43511.94
Aarav Bhat,Groceries,39.45
Arjun Reddy,Clothing,19572.07
Ananya Das,Clothing,8124.61
Arjun Pillai,Furniture,21793.75
Kavya Iyer,Sports,14059.26
Deepa Reddy,Books,467.87
Karan Joshi,Groceries,237.06
Nikhil Kapoor,Electronics,43145.98
Nikhil Bhat,Groceries,1316.63
Shreya Pillai,Groceries,406.36
Aditya Kapoor,Groceries,703.05
Shreya Bose,Beauty,1066.16
Ananya Sharma,Beauty,1994.57
Sanjay Joshi,Furniture,48142.68
Meera Shah,Sports,6520.08
Meera Mehta,Groceries,3495.22
Sanjay Gupta,Groceries,278.98
Ananya Kumar,Electronics,207921.9
Karan Mishra,Clothing,6919.55
Meera Joshi,Beauty,21619.82
Ananya Bhat,Furniture,31187.49
Priya Singh,Clothing,2592.3
Nikhil Joshi,Beauty,9648.06
Rahul Kapoor,Sports,48831.45
Aarav Iyer,Electronics,265701.03
Rahul Reddy,Sports,2822.44
Nikhil Reddy,Beauty,3788.19
Pooja Nair,Clothing,21825.83
Ritu Verma,Sports,55303.33
Arjun Joshi,Electronics,99290.01
,,
Vikram Chatterjee,Beauty,2901.08
Ananya Pillai,Furniture,49256.25
Arjun Verma,Furniture,33579.52
Nikhil Bhat,Sports,43301.82
Deepa Chatterjee,Sports,43819.54
Ritu Joshi,Electronics,123315.72
Sunita Verma,Electronics,787787.19
Sanjay Bose,Electronics,23560.5
Aditya Reddy,Clothing,3601.48
Kavya Verma,Furniture,30650.77
Sanjay Kumar,Clothing,4903.58
Vikram Iyer,Furniture,75316.07
Meera Kumar,Clothing,11607.78
Nisha Gupta,Sports,93398.29
Sanjay Shah,Sports,9288.4
Amit Bhat,Clothing,18587.24
Ananya Mishra,Groceries,4808.83
Ananya Rao,Electronics,238477.33
Karan Iyer,Groceries,1085.35
Aarav Verma,Clothing,13544.47
Priya Verma,Furniture,115980.74
Meera Pillai,Books,5286.85
Pooja Kumar,Sports,10989.14
Amit Reddy,Furniture,147352.35
Meera Das,Sports,4162.69
Nisha Patel,Electronics,144440.74
Arjun Mishra,Clothing,6261.36
Deepa Patel,Clothing,726.0
Meera Reddy,Groceries,795.47
Nisha Joshi,Groceries,1343.96
Arjun Singh,Groceries,3428.74
Nisha Kapoor,Books,5458.98
Sanjay Mehta,Furniture,114775.93
Shreya Mishra,Beauty,3436.09
Ritu Reddy,Beauty,10406.29
Meera Pillai,Electronics,43719.56
Rohan Chatterjee,Clothing,5187.76
Kavya Das,Furniture,63448.11
Sunita Patel,Clothing,22148.24
Nisha Shah,Groceries,1132.82
Arjun Das,Sports,23681.14
Aarav Bhat,Sports,4195.59
Ananya Sharma,Clothing,4928.83
Meera Nair,Electronics,44955.59
Vikram Iyer,Clothing,3223.71
Arjun Rao,Electronics,797146.87
Deepa Verma,Books,591.1
Nisha Das,Electronics,147965.94
Pooja Singh,Beauty,3142.24
Ananya Shah,Beauty,3465.11
Nisha Bose,Groceries,75.53
Pooja Bose,Sports,3166.64
Ananya Iyer,Groceries,307.76
Ananya Pillai,Furniture,146912.47
Pooja Chatterjee,Sports,83964.06
Nikhil Sharma,Beauty,905.35
Ritu Singh,Electronics,327610.97
Rohan Bhat,Books,5037.13
Arjun Mehta,Books,3376.89
Pooja Patel,Clothing,8367.72
Aditya Nair,Sports,101284.81
Meera Verma,Electronics,151990.83
Aditya Das,Books,8924.63
Rahul Shah,Beauty,16986.77
Aarav Mehta,Furniture,24765.72
Priya Chatterjee,Books,962.09
Rahul Rao,Groceries,90.55
Deepa Singh,Beauty,13177.14
Priya Verma,Sports,32649.55
Aditya Joshi,Groceries,1863.59
Priya Bose,Groceries,2661.75
Ritu Sharma,Books,1115.18
Shreya Joshi,Books,6481.41
Meera Kapoor,Books,9699.87
Meera Kapoor,Electronics,1182709.24
Sanjay Reddy,Clothing,3968.93
Kavya Kapoor,Electronics,20122.42
Kavya Bose,Electronics,30407.42
Shreya Mishra,Sports,32140.85
Ritu Iyer,Beauty,3859.71
Aditya Patel,Electronics,144718.36
Ananya Bose,Groceries,496.1
Amit Nair,Electronics,270335.19
Vikram Rao,Groceries,1742.13
Rahul Bhat,Clothing,28857.83
Shreya Mehta,Books,5798.0
Meera Mishra,Books,1191.31
Arjun Pillai,Beauty,6532.57
Priya Pillai,Electronics,208355.63
Ananya Bose,Books,1006.23
Karan Mehta,Groceries,449.35
Vikram Patel,Furniture,20079.84
Aarav Pillai,Books,1558.67
Nikhil Reddy,Electronics,962865.37
Vikram Sharma,Books,3044.42
Kavya Singh,Furniture,47070.16
Karan Das,Beauty,293.48
Pooja Joshi,Beauty,3914.75
Amit Nair,Beauty,882.09
Pooja Iyer,Electronics,381614.84
Amit Sharma,Books,1015.42
Nisha Patel,Beauty,2091.67
Deepa Bose,Sports,36649.85
Aditya Kapoor,Groceries,717.47
Kavya Patel,Electronics,74194.61
Kavya Reddy,Sports,136693.89
Rahul Bhat,Sports,18615.04
Shreya Chatterjee,Beauty,4573.8
Arjun Kapoor,Beauty,984.4
Aditya Sharma,Sports,45600.79
Ananya Pillai,Furniture,55430.07
Meera Kapoor,Books,6041.34
Shreya Gupta,Sports,88163.95
Meera Pillai,Books,1705.11
Sanjay Rao,Clothing,16325.84
Pooja Pillai,Groceries,424.33
Aditya Mishra,Sports,2358.43
Nikhil Nair,Furniture,8446.52
Amit Verma,Books,191.35
Pooja Patel,Beauty,6847.04
Karan Shah,Furniture,46559.15
Rahul Das,Beauty,6101.49
Ananya Chatterjee,Groceries,1775.14
Pooja Bose,Beauty,3603.29
Rohan Bose,Beauty,8717.93
Vikram Shah,Furniture,221777.76
Kavya Kumar,Groceries,1532.4
Pooja Sharma,Sports,11451.49
Karan Bose,Clothing,9211.72
Priya Chatterjee,Groceries,6520.25
Priya Verma,Clothing,1034.06
Karan Pillai,Sports,54861.75
Aditya Kumar,Furniture,32400.33
Aarav Mehta,Furniture,24765.72
Nikhil Bose,Groceries,256.11
Pooja Shah,Clothing,857.74
Amit Das,Furniture,64376.44
Sunita Verma,Groceries,223.33
Ananya Mehta,Sports,5892.6
Ananya Mishra,Clothing,12448.65
Meera Kapoor,Furniture,45857.22
Karan Chatterjee,Clothing,1999.94
Deepa Mehta,Clothing,30905.25
Sunita Joshi,Groceries,580.22
Meera Singh,Books,3832.92
Sunita Pillai,Groceries,545.95
Priya Mehta,Furniture,22526.71
Amit Patel,Groceries,3133.82
Rohan Kapoor,Furniture,131109.37
Ritu Patel,Groceries,4774.27
Aarav Mehta,Beauty,875.73
Arjun Iyer,Clothing,7027.87
Pooja Pillai,Groceries,1107.62
Ritu Das,Books,3187.62
Rohan Singh,Groceries,704.3
Sunita Pillai,Groceries,1470.9
Kavya Iyer,Clothing,16184.75
Sanjay Bose,Sports,19386.16
Pooja Rao,Electronics,51500.8
Shreya Reddy,Electronics,275656.14
Rohan Mehta,Clothing,25749.39
Nikhil Sharma,Beauty,573.91
Deepa Kapoor,Furniture,10146.47
Aditya Nair,Groceries,2419.7
Amit Sharma,Electronics,610027.66
Sanjay Gupta,Clothing,5282.35
Sunita Pillai,Electronics,478142.34
Sanjay Pillai,Electronics,239407.24
Ananya Shah,Groceries,4473.38
Arjun Mehta,Electronics,452014.92
Rohan Nair,Books,3325.2
Sunita Nair,Groceries,3525.53
Aditya Kapoor,Clothing,4097.13
Ritu Mehta,Beauty,24043.07
Nisha Joshi,Groceries,2407.56
Pooja Mehta,Sports,72296.8
Rahul Chatterjee,Electronics,35721.05
Nisha Reddy,Sports,15068.8
Aditya Shah,Beauty,1086.7
Rohan Joshi,Furniture,94421.01
Ananya Rao,Beauty,2656.59
Kavya Sharma,Groceries,2013.93
Ananya Chatterjee,Clothing,22605.25
Priya Pillai,Electronics,24819.03
Sunita Joshi,Books,4962.42
Karan Rao,Sports,22527.03
Karan Joshi,Electronics,19687.8
Aditya Gupta,Groceries,400.65
Rahul Kumar,Groceries,681.47
Ritu Mishra,Electronics,121013.9
Priya Nair,Electronics,393796.17
Pooja Sharma,Electronics,395580.05
Deepa Nair,Clothing,9104.38
Vikram Gupta,Electronics,368787.75
Shreya Bose,Electronics,95920.86
Arjun Reddy,Sports,14642.06
Karan Gupta,Furniture,34746.07
Vikram Mehta,Books,3326.77
Sunita Chatterjee,Furniture,159573.04
Pooja Joshi,Groceries,404.31
Kavya Singh,Furniture,19813.12
Sunita Bose,Beauty,6609.67
Arjun Kapoor,Clothing,5625.2
Aditya Pillai,Groceries,2025.46
Meera Kumar,Beauty,8581.43
Meera Iyer,Sports,11894.53
Aditya Shah,Books,3823.42
Nikhil Bose,Beauty,3163.89
Amit Kumar,Clothing,8454.01
Rahul Chatterjee,Furniture,65194.48
Priya Verma,Groceries,3968.83
Vikram Rao,Books,417.99
Priya Pillai,Groceries,1329.87
Deepa Shah,Beauty,3386.22
Kavya Rao,Beauty,894.07
Rohan Chatterjee,Electronics,506257.71
Meera Chatterjee,Groceries,203.4
Ananya Patel,Books,5115.87
Rahul Chatterjee,Electronics,279788.19
Aditya Singh,Sports,88906.61
Aditya Kapoor,Electronics,50066.36
Karan Pillai,Electronics,42279.37
Nikhil Nair,Clothing,17702.51
Karan Mehta,Electronics,381040.75
Deepa Reddy,Beauty,10534.51
Deepa Joshi,Books,1865.14
Nikhil Reddy,Clothing,39791.15
Ritu Kapoor,Books,1266.17
Priya Mehta,Furniture,67218.58
Priya Gupta,Clothing,5409.13
Aarav Sharma,Beauty,1004.6
Rohan Bose,Beauty,6143.09
Amit Iyer,Sports,2183.04
Aditya Verma,Sports,24768.64
Meera Kapoor,Clothing,370.05
Nikhil Verma,Books,4062.73
Kavya Mehta,Electronics,257970.06
Aditya Joshi,Sports,24565.05
Rohan Verma,Groceries,4049.28
Vikram Kapoor,Sports,37840.55
Sanjay Bose,Books,6061.68
Amit Rao,Furniture,70592.55
Aarav Gupta,Groceries,293.72
Aarav Rao,Beauty,1240.0
Sanjay Iyer,Beauty,1350.29
Aarav Kumar,Sports,88216.48
Aarav Pillai,Clothing,15849.85
Vikram Joshi,Groceries,955.97
Sanjay Mishra,Sports,47232.4
Nikhil Shah,Groceries,701.1
Shreya Kapoor,Groceries,839.42
Pooja Reddy,Sports,30461.87
Pooja Gupta,Furniture,146348.3
Sanjay Kumar,Sports,1983.4
Aditya Patel,Clothing,12912.46
Deepa Kumar,Beauty,3062.97
Nikhil Iyer,Groceries,210.74
Meera Verma,Books,6420.7
Aarav Sharma,Clothing,29155.08
Deepa Pillai,Furniture,96311.3
Nikhil Das,Groceries,1012.38
Karan Nair,Sports,3162.9
Priya Reddy,Furniture,17403.33
Rahul Gupta,Sports,50624.06
Priya Nair,Beauty,7279.6
Kavya Iyer,Beauty,14393.92
Deepa Singh,Clothing,21782.06
Meera Das,Beauty,2958.07
Aarav Verma,Beauty,7148.92
Sanjay Kapoor,Books,14021.08
Nisha Sharma,Clothing,17747.79
Ritu Gupta,Books,3212.12
Sunita Shah,Books,1827.02
Amit Reddy,Groceries,1528.79
Kavya Sharma,Beauty,5468.92
Sanjay Bose,Furniture,174471.77
Arjun Sharma,Furniture,72465.97
Ritu Kapoor,Clothing,2586345.13
Amit Verma,Sports,45280.94
Ananya Reddy,Sports,8752.76
Amit Pillai,Groceries,2770.83
Pooja Verma,Furniture,383279.0
Rohan Sharma,Clothing,6571.19
Priya Patel,Furniture,15752.78
Rahul Chatterjee,Furniture,66216.67
Amit Shah,Furniture,119048.66
Deepa Bose,Groceries,2102.56
Shreya Chatterjee,Furniture,48391.98
Priya Joshi,Furniture,32182.82
Ananya Iyer,Beauty,6635.38
Amit Reddy,Groceries,278.33
Kavya Bose,Sports,57170.08
Kavya Reddy,Furniture,404913.22
Arjun Singh,Electronics,184331.59
Sunita Joshi,Books,1165.98
Ritu Shah,Books,1782.03
Arjun Gupta,Groceries,1001.02
Ananya Sharma,Sports,105870.48
Shreya Nair,Electronics,209644.29
Rahul Iyer,Clothing,5477.43
Meera Bhat,Electronics,175411.87
Rahul Chatterjee,Groceries,1567.64
Priya Shah,Electronics,167128.86
Meera Mishra,Groceries,3440.59
Amit Kapoor,Electronics,99121.04
,,
Nikhil Reddy,Beauty,3575.81
Deepa Verma,Beauty,699.53
Meera Kumar,Clothing,7638.08
Ananya Sharma,Beauty,236.95
Rahul Mehta,Books,6671.85
Sunita Nair,Furniture,71332.69
Priya Joshi,Beauty,6462.23
Nisha Reddy,Sports,161945.63
Karan Gupta,Sports,43451.18
Sunita Kapoor,Books,2086.49
Meera Bose,Electronics,54212.43
Nikhil Singh,Beauty,3615.35
Aarav Das,Sports,14813.92
Pooja Verma,Clothing,12682.78
Rohan Kumar,Clothing,5942.91
Meera Pillai,Clothing,2231.21
Sanjay Bose,Clothing,4634.74
Rahul Joshi,Electronics,349237.43
Meera Singh,Sports,14627.15
Priya Singh,Clothing,2993.13
Arjun Iyer,Electronics,125839.81
Kavya Nair,Beauty,1465.34
Arjun Shah,Electronics,29525.13
Deepa Verma,Groceries,2686.06
Ananya Mishra,Electronics,103938.59
Nikhil Kumar,Clothing,1735.97
Aditya Mehta,Clothing,5129.49
Ritu Nair,Furniture,77607.19
Rohan Kapoor,Furniture,131775.14
Meera Iyer,Electronics,92706.13
Ananya Sharma,Books,1938.35
Karan Patel,Groceries,4470.56
Nikhil Iyer,Sports,10255.26
Amit Reddy,Sports,25243.43
Shreya Das,Electronics,154831.0
Amit Mishra,Books,281.46
Nikhil Patel,Beauty,7446.29
Meera Das,Beauty,28144.0
Arjun Gupta,Groceries,850.9
Vikram Shah,Electronics,193777.03
Meera Kumar,Books,8375.59
Deepa Iyer,Beauty,3057.53
Sunita Iyer,Furniture,52701.51
Meera Patel,Electronics,93726.28
Sunita Kumar,Sports,2303.4
Meera Bose,Groceries,1187.16
Ritu Gupta,Groceries,384.54
Ananya Kumar,Clothing,10096.41
Meera Verma,Beauty,2004.25
Amit Shah,Electronics,246850.13
Amit Sharma,Clothing,4849.25
Amit Joshi,Beauty,4710.2
Shreya Chatterjee,Books,2778.42
Vikram Patel,Books,1929.76
Sunita Singh,Books,1674.24
Rahul Verma,Sports,1455.2
Arjun Bhat,Electronics,346370.5
Karan Reddy,Books,8954.36
Vikram Bhat,Groceries,1195.23
Sunita Mishra,Books,2043.42
Amit Bose,Sports,46514.29
Sunita Das,Furniture,62179.84
Shreya Gupta,Electronics,168287.61
Aditya Pillai,Beauty,9008.47
Sanjay Nair,Sports,30609.29
Rohan Singh,Furniture,89542.82
Deepa Bhat,Electronics,69743.96
Arjun Mishra,Groceries,1123.61
Aditya Joshi,Beauty,9986.14
Vikram Das,Books,6670.17
Arjun Das,Groceries,289.36
Rohan Shah,Sports,1489.34
Meera Mishra,Books,7811.5
Rohan Mishra,Books,19579.44
Meera Reddy,Furniture,227656.87
Deepa Chatterjee,Sports,61790.38
Vikram Mishra,Electronics,400722.8
Pooja Mehta,Books,2076.05
Kavya Iyer,Books,4844.51
Meera Bose,Groceries,544.49
Sunita Bhat,Sports,16119.22
Sunita Kapoor,Beauty,8079.65
Arjun Gupta,Furniture,32603.05
Rohan Joshi,Beauty,5974.92
Nikhil Singh,Furniture,73826.31
Rohan Patel,Furniture,9008.82
Rohan Pillai,Sports,65977.61
Aditya Sharma,Sports,73900.27
Nikhil Nair,Beauty,753.9
Pooja Sharma,Clothing,20951.58
Shreya Pillai,Beauty,1650.79
Sunita Chatterjee,Electronics,267791.02
Ritu Verma,Groceries,832.73
Ananya Rao,Beauty,9797.68
Ananya Patel,Groceries,2920.99
Ananya Bhat,Groceries,545.76
Arjun Sharma,Sports,50068.82
Nikhil Verma,Clothing,18041.55
Arjun Bhat,Clothing,10211.19
Rahul Gupta,Groceries,1466.75
Shreya Shah,Books,1146.19
Ananya Bose,Clothing,26206.04
Priya Das,Furniture,143129.65
Aarav Nair,Clothing,17631.01
Amit Sharma,Clothing,18053.22
Vikram Chatterjee,Groceries,273.05
Priya Chatterjee,Electronics,177362.61
Arjun Sharma,Clothing,8239.18
Ananya Iyer,Groceries,1181.33
Priya Rao,Groceries,1535.18
Arjun Singh,Sports,5675.34
Sunita Mehta,Furniture,98718.08
Karan Chatterjee,Furniture,28677.01
Kavya Pillai,Furniture,2627.42
Rohan Gupta,Furniture,75992.62
Deepa Shah,Beauty,11982.36
Arjun Nair,Groceries,553.96
Kavya Nair,Groceries,2982.6
Karan Verma,Sports,15428.64
Shreya Iyer,Books,537.73
Meera Bose,Electronics,271258.64
Priya Reddy,Sports,37689.7
Aarav Das,Furniture,251539.23
Rahul Singh,Sports,22742.31
Aditya Gupta,Sports,30972.88
Priya Kumar,Clothing,8490.21
Vikram Mehta,Sports,79036.67
Nikhil Singh,Furniture,157614.58
Deepa Nair,Groceries,1512.76
Rohan Mishra,Groceries,413.43
Pooja Bhat,Furniture,142471.68
Kavya Nair,Groceries,664.78
Deepa Iyer,Books,10208.81
Pooja Pillai,Electronics,264067.45
Nikhil Singh,Furniture,14733.39
Meera Bhat,Clothing,23314.01
Nisha Bhat,Beauty,3576.96
Amit Bhat,Clothing,4285.91
Sanjay Kapoor,Sports,3847.49
Ananya Mishra,Books,15181.53
Aditya Iyer,Books,7944.27
Ananya Mehta,Books,1662.51
Rohan Rao,Sports,67222.6
Sunita Sharma,Books,1058.82
Aditya Singh,Groceries,3446.63
Aditya Singh,Groceries,507.85
Priya Nair,Electronics,364937.13
Karan Kumar,Furniture,60313.96
Arjun Shah,Clothing,11607.03
Aditya Sharma,Groceries,1376.18
Karan Nair,Furniture,34539.97
Pooja Sharma,Furniture,24177.47
Arjun Joshi,Clothing,897.13
Priya Verma,Sports,3458.05
Deepa Singh,Furniture,169261.45
Nisha Mehta,Clothing,3583.35
Rahul Kumar,Groceries,195.27
Ananya Joshi,Books,3329.19
Rahul Patel,Electronics,364875.53
Shreya Iyer,Groceries,2476.75
Amit Sharma,Beauty,2475.08
Deepa Verma,Beauty,8655.36
Pooja Iyer,Furniture,74390.92
Sanjay Kumar,Groceries,2827.1
Ritu Kumar,Beauty,6525.42
Ananya Chatterjee,Clothing,3507.68
Arjun Singh,Books,6763.93
Arjun Iyer,Electronics,95732.21
Shreya Bose,Groceries,1791.03
Kavya Kapoor,Sports,131369.75
Amit Bose,Sports,162740.76
Karan Mehta,Furniture,39342.72
Shreya Reddy,Furniture,93128.19
Nisha Bose,Groceries,75.53
Sanjay Sharma,Electronics,40557.08
Karan Bose,Groceries,216.47
Karan Reddy,Sports,44980.54
Pooja Nair,Electronics,357689.69
Nisha Verma,Books,10966.62
Sanjay Bhat,Electronics,51030.14
Aditya Kapoor,Clothing,9260.74
Meera Sharma,Clothing,23690.17
Nikhil Pillai,Beauty,2196.85
Sunita Chatterjee,Electronics,361315.62
Aarav Nair,Sports,86430.39
Ananya Iyer,Sports,5709.63
Deepa Patel,Beauty,4825.68
Nisha Pillai,Beauty,5813.31
Meera Sharma,Books,6379.06
Aditya Mehta,Beauty,22532.03
Nikhil Kumar,Beauty,780.12
Aarav Kumar,Electronics,198910.86
Deepa Gupta,Beauty,476.99
Deepa Chatterjee,Clothing,9181.91
Deepa Kapoor,Clothing,2033.35
Nikhil Singh,Clothing,17823.41
Shreya Pillai,Furniture,367560.6
Kavya Patel,Furniture,115257.52
Ananya Pillai,Groceries,4593.7
Aditya Pillai,Electronics,364698.74
Sanjay Mehta,Beauty,3355.53
Karan Sharma,Furniture,62722.39
Ananya Shah,Groceries,1329.9
Deepa Patel,Beauty,15222.32
Vikram Joshi,Clothing,4785.04
Deepa Shah,Beauty,14345.76
Kavya Singh,Groceries,1063.93
Deepa Bhat,Clothing,2013.48
Rahul Joshi,Sports,879.77
Nisha Chatterjee,Books,4931.75
Amit Pillai,Clothing,468.08
Deepa Nair,Groceries,2000.38
Rohan Reddy,Sports,14650.55
Priya Gupta,Groceries,487.22
Sanjay Mishra,Groceries,1947.86
Aarav Rao,Beauty,5917.92
Nisha Das,Electronics,431521.81
Pooja Gupta,Sports,13700.29
Arjun Shah,Furniture,175221.15
Vikram Rao,Beauty,2975.27
Priya Reddy,Groceries,1585.06
Pooja Reddy,Books,2667.9
Deepa Rao,Clothing,11066.01
Pooja Joshi,Furniture,17674.13
Sunita Reddy,Beauty,8390.58
Karan Sharma,Sports,3023.0
Nisha Gupta,Furniture,110728.91
Vikram Joshi,Beauty,10336.77
Nisha Bhat,Books,1691.13
Pooja Nair,Groceries,257.56
Pooja Verma,Electronics,65587.56
Rohan Iyer,Sports,82679.97
Amit Pillai,Groceries,2770.83
Sanjay Verma,Groceries,751.49
Vikram Chatterjee,Furniture,120954.22
Nikhil Joshi,Sports,3611.47
Kavya Nair,Electronics,53395.11
Deepa Nair,Clothing,2883.96
Arjun Kumar,Books,4823.62
Priya Bhat,Groceries,738.23
Aarav Bose,Electronics,68226.26
Arjun Bhat,Electronics,41545.59
Sunita Das,Clothing,2143.91
Vikram Bose,Furniture,28243.5
Rohan Reddy,Beauty,2325.22
Kavya Shah,Electronics,11399.21
Rahul Kumar,Beauty,1352.85
Vikram Reddy,Beauty,2605.92
Sanjay Gupta,Electronics,188221.16
Priya Pillai,Sports,30080.08
Aarav Verma,Beauty,11905.56
Amit Singh,Groceries,592.96
,,
Kavya Singh,Groceries,4089.53
Priya Pillai,Sports,28294.84
Ananya Bhat,Electronics,290848.39
Karan Pillai,Books,4147.54
Vikram Singh,Sports,17258.31
Sanjay Kumar,Beauty,1595.55
Rohan Kapoor,Beauty,9862.27
Deepa Singh,Sports,155449.27
Karan Kapoor,Groceries,2191.03
Pooja Bhat,Sports,37464.05
Shreya Kumar,Furniture,58084.97
Priya Chatterjee,Books,5257.68
Shreya Patel,Books,3063.76
Rahul Sharma,Clothing,6198.3
Vikram Sharma,Furniture,170405.41
Kavya Kumar,Beauty,972.44
Vikram Nair,Clothing,10581.42
Shreya Shah,Sports,5891.51
,,
Aarav Chatterjee,Books,4198.23
Priya Iyer,Groceries,1769.61
Sanjay Pillai,Sports,55053.72
Sanjay Chatterjee,Groceries,1973.84
Pooja Verma,Clothing,2470.18
Arjun Bhat,Clothing,1565.52
Vikram Pillai,Books,6681.19
Nikhil Nair,Sports,13997.17
Meera Pillai,Electronics,1071676.26
Meera Bose,Clothing,5784.15
Priya Gupta,Beauty,9801.87
Sunita Joshi,Clothing,20021.18
Nisha Bhat,Clothing,3776.28
Vikram Kapoor,Sports,55450.77
Shreya Joshi,Electronics,301146.22
Kavya Verma,Groceries,1105.54
Ritu Chatterjee,Books,6858.54
Meera Nair,Furniture,188753.55
Aditya Pillai,Clothing,21056.46
Arjun Sharma,Furniture,33795.38
Pooja Joshi,Groceries,491.8
Aditya Kumar,Sports,42761.49
Nisha Chatterjee,Electronics,106939.95
Kavya Reddy,Electronics,238585.21
Shreya Bose,Beauty,13028.24
Ritu Shah,Groceries,1616.03
Sanjay Iyer,Beauty,967.63
Pooja Kapoor,Clothing,25017.3
Aditya Reddy,Beauty,9344.71
Rahul Pillai,Furniture,211505.45
Sanjay Nair,Beauty,4272.12
Kavya Shah,Books,3355.24
Sunita Singh,Furniture,132224.5
Ritu Patel,Beauty,4968.59
Sanjay Kumar,Groceries,5524.99
Pooja Gupta,Beauty,617.26
Karan Rao,Electronics,189220.35
Shreya Sharma,Groceries,388.61
Vikram Sharma,Groceries,275.92
Ananya Verma,Sports,53730.92
Meera Bose,Electronics,483891.6
Nikhil Das,Groceries,1012.38
Pooja Das,Clothing,1839.05
Meera Das,Groceries,1152.72
Shreya Sharma,Beauty,3102.68
Karan Sharma,Sports,26872.75
Kavya Nair,Beauty,1982.36
Rahul Chatterjee,Furniture,131999.09
Kavya Iyer,Electronics,192877.7
Aarav Bhat,Groceries,1192.31
Nisha Singh,Sports,7889.98
Meera Shah,Electronics,834952.68
Shreya Shah,Sports,3859.57
Shreya Sharma,Furniture,255026.97
Aditya Shah,Sports,10018.4
Karan Rao,Furniture,125959.07
Sunita Verma,Clothing,21015.96
Pooja Patel,Electronics,20431.16
Sunita Pillai,Clothing,28371.45
Rahul Das,Books,988.84
Ananya Verma,Sports,40536.35
Karan Bhat,Clothing,3040.97
Shreya Patel,Beauty,3007.27
Meera Mehta,Electronics,320072.27
Ananya Gupta,Electronics,118547.82
Vikram Pillai,Groceries,1864.61
Nisha Gupta,Sports,14997.8
Pooja Gupta,Beauty,8020.15
Nisha Sharma,Furniture,21828.0
Deepa Verma,Clothing,1703.95
Ritu Pillai,Sports,34438.41
Priya Reddy,Electronics,214950.87
Kavya Mishra,Groceries,516.4
Sanjay Chatterjee,Furniture,5945.61
Sanjay Mehta,Electronics,252177.93
Sunita Nair,Books,8089.96
Amit Chatterjee,Books,1035.4
Rahul Gupta,Sports,7684.63
Deepa Mehta,Electronics,47511.85
Aditya Kumar,Beauty,5478.55
Amit Bose,Groceries,2296.34
Sanjay Rao,Furniture,87292.37
Pooja Patel,Books,2819.84
Kavya Nair,Clothing,1980.21
Nisha Mishra,Furniture,157408.35
Vikram Mehta,Sports,4179.58
Ananya Rao,Sports,34214.43
Rohan Bhat,Beauty,6558.87
Priya Pillai,Furniture,50975.7
Rahul Bose,Beauty,8398.0
Vikram Nair,Electronics,42121.15
Shreya Chatterjee,Electronics,410825.53
Karan Kumar,Beauty,1259.18
Karan Gupta,Electronics,209289.38
Rahul Mishra,Electronics,22753.66
Ananya Gupta,Groceries,688.57
Nisha Verma,Groceries,459.04
Shreya Kapoor,Groceries,470.15
Ananya Pillai,Electronics,361494.08
Deepa Bose,Furniture,276349.79
Sanjay Pillai,Furniture,41352.35
Nisha Singh,Books,2026.66
Arjun Rao,Groceries,1760.95
Kavya Chatterjee,Furniture,50453.16
Rohan Nair,Groceries,845.95
Arjun Nair,Groceries,990.4
Karan Iyer,Groceries,815.23
Rohan Bhat,Sports,84179.79
Vikram Shah,Electronics,85653.85
Nikhil Kapoor,Books,3571.01
Aarav Joshi,Books,699.82
Shreya Pillai,Groceries,1594.09
Shreya Mishra,Electronics,50072.11
Sanjay Kumar,Clothing,5307.05
Shreya Chatterjee,Groceries,1854.03
Meera Verma,Beauty,14282.97
Kavya Joshi,Furniture,268467.06
Rahul Gupta,Electronics,74700.63
Sanjay Mishra,Books,2492.19
Ritu Pillai,Electronics,138104.33
Kavya Mishra,Groceries,646.28
Shreya Mishra,Beauty,4112.89
Sunita Gupta,Clothing,6639.76
Sunita Mishra,Books,2194.66
Vikram Mehta,Sports,1039.58
Aarav Kumar,Furniture,172473.24
Ananya Pillai,Furniture,113748.97
Shreya Singh,Electronics,22019.44
Nikhil Bose,Clothing,12054.36
Rahul Mishra,Books,357.47
Karan Iyer,Groceries,144.81
Arjun Bose,Beauty,15087.35
Karan Singh,Furniture,78919.02
Aarav Bose,Clothing,748.84
Aditya Mehta,Beauty,30023.01
Aarav Mishra,Books,2078.34
Ritu Iyer,Electronics,124328.85
Priya Mishra,Books,536.5
Karan Mishra,Groceries,74.65
Shreya Gupta,Beauty,259.14
Ritu Nair,Beauty,5465.25
Amit Patel,Clothing,2065.81
Sanjay Gupta,Books,2973.34
Priya Verma,Electronics,122902.72
Sunita Patel,Sports,34498.58
Rohan Rao,Books,4095.91
Deepa Pillai,Beauty,3520.77
Kavya Mishra,Groceries,951.07
Rahul Rao,Furniture,31724.99
Arjun Nair,Furniture,138425.43
Rohan Mehta,Electronics,9956.83
Aarav Kumar,Groceries,529.3
,,
Sunita Mishra,Electronics,746567.96
Kavya Iyer,Groceries,2502.84
Priya Joshi,Furniture,426011.42
Sunita Patel,Clothing,4498.23
Kavya Joshi,Groceries,1961.61
Nikhil Mishra,Books,794.6
Ananya Mishra,Beauty,3027.97
Nisha Rao,Clothing,3899.94
Karan Sharma,Electronics,220448.39
Nikhil Sharma,Furniture,136831.28
Nisha Nair,Books,4940.07
Ananya Bhat,Groceries,463.59
Nisha Kapoor,Furniture,49236.11
Vikram Sharma,Books,10528.1
Arjun Joshi,Clothing,17045.1
Pooja Bose,Furniture,172582.04
Vikram Chatterjee,Sports,9628.89
Karan Sharma,Clothing,2660.56
Arjun Iyer,Books,1538.75
Nikhil Das,Electronics,105441.04
Deepa Joshi,Furniture,39642.97
Rohan Reddy,Clothing,4321.42
Vikram Nair,Clothing,6573.5
Vikram Das,Clothing,5817.06
Aarav Shah,Furniture,16395.88
Meera Chatterjee,Electronics,75324.35
Sanjay Gupta,Clothing,10189.48
Aarav Joshi,Books,1452.74
Karan Patel,Furniture,69661.01
Arjun Sharma,Groceries,5570.95
Amit Sharma,Furniture,68168.41
Amit Pillai,Groceries,1981.36
Nisha Joshi,Groceries,507.06
Arjun Singh,Furniture,111598.98
Shreya Sharma,Electronics,220158.56
Ananya Bose,Clothing,8958.7
Meera Pillai,Groceries,494.91
Aarav Sharma,Groceries,1283.42
Sanjay Reddy,Sports,60370.7
Nikhil Iyer,Clothing,5298.79
Arjun Mishra,Furniture,282283.64
Aditya Verma,Sports,3582.58
Sanjay Bhat,Clothing,22941.18
Rahul Bhat,Furniture,11226.94
Ritu Bhat,Groceries,1270.29
Kavya Das,Books,1625.5
Aditya Verma,Books,1668.69
Aarav Joshi,Electronics,93594.28
Amit Sharma,Books,1128.26
Sanjay Mehta,Electronics,58489.45
Nisha Das,Electronics,181476.52
Rohan Mehta,Sports,6933.26
Kavya Joshi,Sports,16292.28
Kavya Reddy,Electronics,239614.28
Karan Kapoor,Beauty,8031.28
Pooja Verma,Books,1626.67
Sanjay Singh,Beauty,5927.64
Karan Kapoor,Clothing,4781.35
Kavya Das,Sports,148811.09
Aarav Iyer,Beauty,2491.32
Aditya Shah,Groceries,414.31
Rohan Mehta,Sports,69394.08
Nikhil Mishra,Electronics,991905.81
Arjun Verma,Groceries,583.26
Rohan Verma,Beauty,5200.08
Vikram Bose,Beauty,4372.2
Meera Bhat,Sports,56376.87
Aditya Shah,Groceries,1066.73
Deepa Reddy,Sports,4474.84
Ananya Pillai,Books,1819.63
Sunita Verma,Furniture,26696.18
Karan Reddy,Beauty,1975.97
Aarav Joshi,Sports,53191.17
Rahul Bose,Beauty,6347.47
Ritu Das,Books,3604.7
Amit Mishra,Clothing,8113.08
Nisha Kumar,Books,2710.89
Rohan Mehta,Electronics,189931.59
Shreya Chatterjee,Furniture,99202.31
Rahul Rao,Beauty,11797.89
Aditya Chatterjee,Electronics,16855.55
Rohan Bose,Books,5936.18
Meera Bhat,Groceries,4932.93
Sanjay Rao,Electronics,191352.59
Pooja Chatterjee,Clothing,9964.39
Karan Mehta,Sports,37343.86
Arjun Patel,Sports,8606.21
,,
Vikram Chatterjee,Groceries,1858.4
Priya Mishra,Furniture,14763.33
Aarav Kapoor,Sports,66204.63
Nikhil Das,Sports,28799.52
Nisha Iyer,Beauty,2039.37
Pooja Bhat,Beauty,4158.82
Sanjay Rao,Electronics,408398.64
Rohan Mehta,Electronics,239862.52
Rohan Patel,Electronics,85395.8
Nikhil Bose,Books,1184.8
Shreya Das,Furniture,147207.49
Karan Joshi,Furniture,102341.78
Nisha Rao,Furniture,130650.07
Aarav Nair,Beauty,3688.61
Karan Gupta,Sports,15734.44
Nisha Kumar,Beauty,15069.06
Sanjay Shah,Books,2143.4
Vikram Mehta,Beauty,1516.74
Nisha Mehta,Sports,45950.26
Kavya Iyer,Furniture,4781.36
Shreya Shah,Books,7222.87
Rahul Singh,Beauty,6482.2
Nisha Nair,Beauty,12188.95
Meera Iyer,Electronics,79234.6
Ananya Singh,Electronics,746724.9
Amit Chatterjee,Beauty,2507.45
Karan Patel,Beauty,649.67
Sanjay Patel,Electronics,273662.44
Rahul Reddy,Furniture,170289.13
Aarav Gupta,Clothing,8541.87
Shreya Kapoor,Clothing,1691.99
Karan Rao,Sports,61982.41
Rahul Bhat,Clothing,15014.03
Nisha Gupta,Books,1187.77
Nisha Mishra,Beauty,3638.62
Deepa Mishra,Beauty,1323.32
Ritu Sharma,Groceries,80.84
Karan Bose,Groceries,1361.86
Aarav Chatterjee,Furniture,121514.57
Sunita Reddy,Beauty,10449.86
Vikram Singh,Furniture,22617.77
Nikhil Kumar,Groceries,1116.81
Rohan Iyer,Beauty,15579.91
Aarav Iyer,Electronics,255205.65
Karan Iyer,Electronics,64764.78
Sanjay Mishra,Furniture,110264.78
Amit Kapoor,Books,3553.63
Shreya Das,Groceries,2079.67
Ritu Singh,Groceries,1655.16
Rohan Pillai,Furniture,103290.99
Nikhil Singh,Furniture,90435.12
Vikram Mehta,Books,2282.66
Priya Sharma,Books,14356.97
Priya Chatterjee,Furniture,38701.84
Nikhil Patel,Electronics,102107.36
Priya Kapoor,Books,1942.7
Aarav Shah,Groceries,3881.14
Meera Rao,Furniture,124615.43
Nisha Shah,Sports,5472.63
Sanjay Reddy,Beauty,9954.87
Aarav Rao,Beauty,1114.76
Priya Kapoor,Sports,148205.85
Rohan Joshi,Furniture,360814.67
Karan Nair,Books,1851.96
Nisha Iyer,Furniture,137222.95
Sunita Singh,Groceries,829.37
Kavya Patel,Books,2682.13
Ananya Kumar,Clothing,25064.55
Rohan Bose,Groceries,1926.06
Nikhil Mehta,Sports,29262.31
Aditya Bhat,Clothing,20358.67
Karan Reddy,Electronics,228875.11
Deepa Sharma,Beauty,2212.27
Vikram Gupta,Electronics,67574.41
Ananya Rao,Electronics,299036.46
Rohan Pillai,Books,12763.71
Rohan Sharma,Books,5310.11
Rohan Bose,Clothing,25867.22
Arjun Bose,Electronics,227231.35
Rohan Sharma,Beauty,6687.01
Ritu Mehta,Clothing,3471.12
Ritu Verma,Books,1362.3
Rohan Kumar,Sports,33411.39
Nisha Sharma,Books,2966.43
Priya Singh,Electronics,273692.0
Arjun Mishra,Groceries,725.63
Ritu Das,Furniture,27887.17
Deepa Bhat,Electronics,50337.85
Rohan Rao,Beauty,13547.2
Nikhil Joshi,Books,5277.72
Priya Singh,Books,1116.21
Meera Verma,Groceries,2714.36
Meera Chatterjee,Sports,32059.7
Kavya Kapoor,Sports,16398.86
Shreya Shah,Groceries,1943.15
Pooja Joshi,Books,1683.33
Karan Bose,Beauty,18060.12
Nisha Verma,Furniture,88750.98
Deepa Verma,Books,448.54
Arjun Bose,Beauty,1753.48
Nikhil Verma,Furniture,115595.29
Amit Joshi,Books,3480.18
Pooja Reddy,Groceries,248.22
Shreya Gupta,Furniture,201146.39
Nisha Joshi,Beauty,3619.29
Vikram Verma,Sports,54236.12
Shreya Kumar,Groceries,1817.68
Shreya Kumar,Books,400.93
Priya Mishra,Furniture,62077.82
Arjun Shah,Groceries,204.25
Sanjay Bose,Groceries,1937.67
Aditya Das,Furniture,26632.36
Sanjay Singh,Groceries,696.47
Deepa Das,Sports,30419.46
Rohan Chatterjee,Furniture,202427.42
Arjun Kumar,Groceries,83.9
Nisha Kapoor,Beauty,860.81
Aditya Kumar,Clothing,13768.79
Arjun Bose,Beauty,10719.06
Arjun Joshi,Groceries,3399.01
Sanjay Mehta,Clothing,5117.18
Vikram Das,Electronics,289349.91
Deepa Kapoor,Groceries,844.99
Ananya Verma,Electronics,88050.54
Amit Joshi,Books,9308.37
Nisha Singh,Groceries,1429.71
Rahul Kapoor,Furniture,15482.78
Pooja Nair,Sports,73152.9
Ananya Gupta,Books,1789.46
Ananya Mishra,Electronics,45521.34
Sunita Kapoor,Beauty,5427.21
Vikram Joshi,Clothing,11933.01
Arjun Shah,Furniture,131205.97
Aditya Kapoor,Sports,20309.9
Nisha Iyer,Books,8278.99
Deepa Patel,Groceries,3962.93
Sunita Sharma,Beauty,490.46
Aditya Kapoor,Books,805.88
Rahul Kapoor,Sports,67368.65
Shreya Sharma,Furniture,49388.95
Deepa Patel,Electronics,195002.92
Arjun Verma,Beauty,2469.09
Aditya Reddy,Beauty,883.05
Pooja Bhat,Beauty,8090.67
Priya Das,Sports,12679.99
Karan Mishra,Beauty,941.96
Shreya Das,Beauty,7101.14
Amit Chatterjee,Furniture,19278.17
Aditya Mehta,Sports,39451.25
Nisha Patel,Groceries,92.74
Nikhil Mehta,Books,6937.28
Sunita Shah,Furniture,56634.24
Priya Das,Books,1563.94
Aarav Bose,Electronics,260206.81
Rahul Bose,Groceries,727.71
Nisha Kapoor,Clothing,9194.56
Ananya Gupta,Furniture,195087.5
Priya Sharma,Sports,7849.73
Ritu Das,Groceries,2795.81
Nisha Singh,Groceries,278.9
Ritu Nair,Books,807.42
Arjun Kumar,Sports,30133.8
Sunita Joshi,Books,6054.97
Sunita Shah,Books,486.04
Arjun Nair,Beauty,6849.69
Rohan Bhat,Books,4041.53
Meera Iyer,Sports,31335.42
Priya Iyer,Clothing,6405.51
Sunita Verma,Books,2948.11
Priya Joshi,Beauty,18889.25
Arjun Rao,Beauty,3416.93
Ritu Verma,Sports,6002.74
Aarav Das,Electronics,72489.63
Deepa Kumar,Beauty,21586.69
Ritu Shah,Sports,59652.6
Priya Verma,Furniture,101498.2
Ananya Das,Sports,17306.12
Deepa Sharma,Furniture,107825.45
Sanjay Pillai,Electronics,912510.56
Karan Verma,Sports,22832.43
Rahul Shah,Books,5107.75
Priya Bhat,Sports,68163.65
Meera Chatterjee,Furniture,23033.05
Vikram Bose,Furniture,147194.67
Rohan Verma,Clothing,1712.76
Sunita Joshi,Beauty,1024.0
Rahul Iyer,Books,3457.92
Sanjay Mishra,Beauty,22009.55
Nikhil Singh,Furniture,111222.15
Nikhil Rao,Beauty,1972.43
Sanjay Joshi,Beauty,10203.46
Aditya Verma,Beauty,3844.13
Karan Kapoor,Furniture,13573.95
Meera Shah,Clothing,9981.19
Arjun Patel,Sports,23291.68
Aarav Mishra,Sports,10901.11
Priya Shah,Groceries,2214.56
Sunita Singh,Electronics,154093.5
Kavya Mishra,Clothing,10091.36
Vikram Chatterjee,Sports,2776.37
Ananya Chatterjee,Sports,7001.71
Karan Bose,Groceries,216.47
Pooja Gupta,Electronics,6816.92
Nikhil Bose,Furniture,14133.18
Ananya Kumar,Groceries,182.73
Ananya Joshi,Electronics,305814.52
Priya Reddy,Electronics,506816.82
Sunita Patel,Furniture,66782.43
Nisha Joshi,Books,7951.41
Pooja Reddy,Clothing,7729.55
Ananya Kapoor,Clothing,3925.14
Priya Singh,Clothing,2632.38
Rohan Verma,Beauty,3803.64
Amit Rao,Groceries,801.2
Rahul Chatterjee,Sports,41193.61
Vikram Pillai,Electronics,196931.1
Aditya Patel,Furniture,158725.76
Arjun Bose,Groceries,1725.71
Priya Mehta,Beauty,2849.95
Sunita Mishra,Beauty,8300.79
Aarav Shah,Furniture,60153.24
Arjun Joshi,Electronics,103175.92
Meera Kumar,Electronics,45132.09
Amit Das,Beauty,1955.0
Arjun Reddy,Beauty,4536.6
Rahul Mehta,Furniture,24297.67
Rohan Singh,Books,1275.48
Sanjay Nair,Books,4861.16
Deepa Patel,Groceries,993.67
Aarav Sharma,Clothing,24146.23
Rohan Nair,Electronics,275738.69
Nikhil Bose,Groceries,1796.99
Arjun Sharma,Books,778.21
Ananya Mishra,Clothing,5743.74
Meera Bose,Electronics,212071.33
Deepa Verma,Books,1052.63
Shreya Mishra,Electronics,329759.69
Meera Iyer,Electronics,311838.93
Aditya Pillai,Sports,7629.53
Ritu Reddy,Furniture,36558.25
Nikhil Kapoor,Groceries,2172.54
Deepa Iyer,Clothing,977.42
Rohan Rao,Furniture,27272.26
Arjun Patel,Furniture,55529.13
Kavya Chatterjee,Clothing,16249.74
Sunita Pillai,Electronics,38016.38
Amit Verma,Electronics,55864.82
Shreya Nair,Groceries,527.34
Priya Das,Beauty,4041.13
Aarav Shah,Clothing,22694.82
Aditya Bose,Clothing,2311.26
Aarav Shah,Sports,7051.86
Sanjay Patel,Sports,34653.36
Nisha Joshi,Electronics,626506.16
Sanjay Chatterjee,Sports,27501.28
Sanjay Mishra,Sports,10562.68
Rahul Nair,Clothing,4536.48
Kavya Kapoor,Books,11994.58
Aarav Rao,Books,9672.16
Ananya Mehta,Furniture,22257.16
Deepa Rao,Electronics,88594.37
Amit Chatterjee,Furniture,231659.35
Nisha Sharma,Groceries,2345.4
,,
Nisha Patel,Beauty,7697.7
Priya Rao,Books,6459.84
Arjun Patel,Furniture,238656.22
Nisha Chatterjee,Sports,76540.79
Vikram Gupta,Beauty,19141.88
Vikram Bhat,Groceries,1451.63
Kavya Kumar,Clothing,928.67
Aarav Kapoor,Groceries,140.8
Rahul Patel,Electronics,598247.4
Arjun Bose,Beauty,2292.28
Sanjay Mehta,Sports,83283.38
Sanjay Chatterjee,Groceries,2697.43
Ananya Das,Electronics,187775.6
Deepa Sharma,Electronics,356673.17
Meera Nair,Clothing,17673.42
Rahul Patel,Beauty,19643.63
Shreya Mehta,Books,6939.46
Kavya Patel,Electronics,175476.12
Aarav Patel,Books,2435.14
Arjun Pillai,Beauty,1656.84
Kavya Rao,Groceries,1620.6
Aditya Reddy,Groceries,2743.7
Deepa Bhat,Clothing,15991.92
Aarav Sharma,Sports,102974.46
Sanjay Reddy,Furniture,10227.18
Nisha Bose,Books,2541.06
Meera Sharma,Books,6379.06
Nikhil Reddy,Furniture,16452.69
Aarav Bhat,Groceries,39.45
Vikram Joshi,Furniture,27604.98
Sunita Nair,Electronics,560937.53
Rahul Verma,Books,427.53
Ananya Verma,Clothing,13643.24
Kavya Singh,Groceries,824.95
Shreya Kapoor,Clothing,2808.53
Rohan Iyer,Groceries,5380.7
Nikhil Nair,Sports,32604.64
Deepa Singh,Clothing,247.75
Sanjay Reddy,Clothing,11713.77
Rohan Singh,Furniture,42405.18
Aditya Iyer,Furniture,135263.66
Meera Chatterjee,Clothing,4359.44
Amit Bose,Clothing,9882.86
Pooja Mishra,Electronics,475115.46
Aditya Shah,Clothing,8015.28
Pooja Mishra,Sports,24896.51
Sanjay Reddy,Clothing,25929.31
Karan Mishra,Books,4945.52
Amit Mishra,Clothing,11063.0
Rahul Bose,Sports,75606.39
Sunita Kapoor,Sports,20450.62
Kavya Bhat,Beauty,3291.09
Rohan Nair,Furniture,60174.08
Aditya Gupta,Groceries,803.64
Rahul Kumar,Sports,20331.59
Rahul Mehta,Clothing,16150.97
Nisha Verma,Electronics,37902.51
Karan Joshi,Clothing,7315.14
Meera Reddy,Sports,57628.49
Sunita Reddy,Clothing,18611.05
Priya Shah,Beauty,13771.38
Aditya Singh,Electronics,283763.47
Aditya Reddy,Electronics,431664.73
Rahul Gupta,Electronics,147617.58
Ananya Singh,Groceries,1542.88
Ananya Bose,Furniture,10872.27
Aarav Sharma,Furniture,178414.75
Aditya Reddy,Clothing,3765.49
Ritu Shah,Clothing,21182.67
Vikram Bose,Groceries,1207.23
Ritu Mishra,Beauty,3430.9
Ritu Chatterjee,Furniture,163824.93
Sanjay Verma,Beauty,505.72
Arjun Kumar,Furniture,12857.46
Deepa Kapoor,Groceries,1183.48
Amit Patel,Sports,13122.27
Rohan Patel,Beauty,9116.76
Sanjay Kumar,Books,1714.83
Meera Singh,Electronics,7334.77
Sunita Bhat,Clothing,18598.33
Rohan Gupta,Sports,32114.67
Nikhil Verma,Groceries,257.67
Shreya Kapoor,Beauty,430.94
Karan Pillai,Groceries,1674.66
Amit Joshi,Books,1958.24
Sunita Nair,Clothing,677.46
Amit Rao,Beauty,1997.2
Shreya Patel,Beauty,8141.15
Kavya Pillai,Clothing,25300.71
Sunita Kapoor,Sports,68387.61
Shreya Bose,Beauty,1066.16
Priya Gupta,Sports,70055.58
Priya Sharma,Furniture,152291.21
Sanjay Reddy,Beauty,5710.68
Aditya Iyer,Books,872.63
Vikram Chatterjee,Groceries,633.98
Rahul Shah,Groceries,4159.76
Pooja Mishra,Furniture,113486.89
Deepa Bose,Furniture,109991.48
Nikhil Singh,Sports,12705.05
Amit Reddy,Electronics,140619.38
Rohan Gupta,Clothing,14264.78
Aditya Rao,Books,6011.52
Shreya Bose,Beauty,7356.77
Nisha Mehta,Groceries,173.91
Aarav Sharma,Clothing,29835.57
Shreya Mehta,Sports,34898.86
Meera Shah,Furniture,303195.22
Nisha Joshi,Electronics,680923.78
Sanjay Shah,Electronics,393016.21
Ananya Kumar,Furniture,19728.32
Rohan Singh,Furniture,31673.81
Nisha Pillai,Sports,24580.36
Nikhil Gupta,Books,284.02
Nisha Joshi,Beauty,9978.14
Pooja Iyer,Electronics,79107.61
Rohan Mehta,Books,6083.41
Aditya Nair,Electronics,537551.85
Rahul Chatterjee,Furniture,66216.67
Rohan Singh,Electronics,123701.67
Rahul Das,Beauty,698.09
Sunita Kumar,Beauty,11475.64
Nisha Iyer,Clothing,11109.98
Sunita Mishra,Electronics,55813.62
Rohan Singh,Clothing,9311.22
Shreya Patel,Sports,31965.58
Kavya Verma,Furniture,61633.54
Ananya Bhat,Books,12482.39
Nikhil Das,Electronics,224550.81
Karan Pillai,Books,10186.88
Sanjay Shah,Furniture,42127.94
Arjun Joshi,Books,1613.4
Karan Mehta,Electronics,38990.55
Amit Mishra,Electronics,48564.04
Nisha Kumar,Clothing,23183.14
Pooja Bhat,Clothing,2474.19
Karan Bhat,Clothing,46633.37
Deepa Verma,Beauty,19727.54
Sunita Patel,Beauty,1257.6
Aditya Das,Beauty,2383.68
Meera Gupta,Sports,38067.28
Ritu Verma,Beauty,12318.96
Kavya Chatterjee,Beauty,2915.31
Sunita Singh,Beauty,12330.95
Ritu Iyer,Electronics,187176.31
Sunita Joshi,Books,2966.96
Sanjay Das,Beauty,7248.48
Amit Joshi,Furniture,100198.09
Sanjay Nair,Beauty,7265.19
Arjun Mishra,Furniture,99452.17
Karan Chatterjee,Furniture,76243.39
Priya Gupta,Electronics,316644.27
Vikram Gupta,Beauty,8996.6
Nisha Iyer,Clothing,7516.69
Vikram Singh,Sports,22206.97
Aarav Singh,Furniture,53880.45
Shreya Pillai,Sports,30649.3
Ananya Mishra,Books,4786.22
Aarav Mishra,Groceries,2144.87
Ritu Kapoor,Beauty,5791.59
Deepa Nair,Sports,15447.04
Aarav Kapoor,Sports,22681.23
Amit Nair,Clothing,9963.87
Ananya Patel,Clothing,7504.43
Karan Reddy,Beauty,1781.6
Kavya Kumar,Clothing,5442.35
Nikhil Reddy,Sports,30542.1
Sanjay Nair,Beauty,22182.07
Pooja Kapoor,Books,9165.32
Arjun Chatterjee,Electronics,177603.4
Kavya Pillai,Groceries,2218.99
Vikram Nair,Electronics,440371.93
Shreya Patel,Beauty,7652.12
Deepa Rao,Furniture,136801.63
Rahul Rao,Electronics,159491.82
Rahul Nair,Clothing,3141.45
Ananya Rao,Sports,18286.54
Pooja Verma,Sports,76880.87
Meera Kumar,Clothing,17278.52
Pooja Rao,Beauty,2751.04
Kavya Iyer,Electronics,101436.48
Pooja Patel,Sports,64120.65
Kavya Patel,Books,976.81
Rahul Mehta,Books,4640.1
Nisha Bose,Electronics,166434.21
Sanjay Joshi,Clothing,11190.58
Rohan Kapoor,Groceries,663.86
Nikhil Iyer,Books,1054.94
Kavya Mehta,Electronics,34301.93
Arjun Kumar,Clothing,11734.39
Sanjay Rao,Beauty,10137.87
Ananya Mehta,Electronics,56057.11
Kavya Mehta,Electronics,409543.23
Shreya Singh,Furniture,193192.92
Nikhil Mehta,Sports,20462.27
Ritu Mehta,Beauty,304.99
Sunita Kumar,Sports,38639.6
Vikram Kumar,Groceries,399.58
Rohan Das,Electronics,194593.37
Rohan Bose,Clothing,14617.3
Rohan Nair,Furniture,69333.08
Sunita Bhat,Clothing,10875.63
Amit Mishra,Sports,17571.72
Rahul Reddy,Clothing,4471.04
Amit Shah,Electronics,380113.28
Deepa Das,Beauty,4487.87
Aarav Rao,Sports,1705.43
Pooja Gupta,Books,18133.14
Vikram Sharma,Beauty,1186.73
Kavya Nair,Furniture,82953.5
Arjun Rao,Sports,82310.8
Karan Sharma,Furniture,346543.18
Arjun Nair,Books,5485.01
Priya Verma,Books,2204.16
Arjun Reddy,Sports,65829.48
Deepa Shah,Groceries,524.34
Ananya Patel,Furniture,105074.92
Ananya Pillai,Clothing,4398.56
Meera Verma,Sports,37263.52
Aditya Singh,Clothing,4468.98
Rohan Kumar,Electronics,111005.02
Ritu Shah,Beauty,11026.28
Vikram Mishra,Clothing,2427.47
Aarav Bose,Clothing,8249.16
Arjun Pillai,Books,1347.72
Ritu Reddy,Electronics,54095.7
Amit Das,Groceries,1618.63
Priya Sharma,Electronics,52941.94
Rohan Patel,Groceries,997.35
Ritu Verma,Books,770.95
Aarav Nair,Groceries,928.75
Shreya Sharma,Clothing,16304.49
Arjun Singh,Electronics,102283.92
Rahul Kumar,Furniture,97580.65
Priya Mishra,Sports,23451.19
Aarav Pillai,Clothing,10204.55
Nisha Mehta,Books,768.38
Arjun Reddy,Electronics,695130.09
Nikhil Reddy,Clothing,2195.65
Nikhil Reddy,Books,2656.58
Pooja Gupta,Furniture,71596.04
Deepa Nair,Groceries,1019.24
,,
Rohan Kumar,Beauty,2110.52
Nikhil Kapoor,Books,503.6
Sunita Das,Beauty,17656.62
Aarav Sharma,Furniture,199689.27
Arjun Bhat,Sports,41618.68
Aarav Joshi,Electronics,154607.71
Rohan Mishra,Groceries,317.31
Ananya Das,Sports,43308.39
Rahul Rao,Electronics,437292.1
Meera Rao,Sports,35621.92
Rohan Chatterjee,Electronics,362912.13
Rohan Bose,Groceries,389.42
Priya Mishra,Clothing,8343.34
Amit Bhat,Books,7510.29
Ananya Patel,Clothing,5437.53
Rohan Pillai,Electronics,68357.31
Meera Kapoor,Electronics,19091.83
Rahul Iyer,Clothing,29757.86
Rohan Bhat,Beauty,10637.74
Shreya Das,Sports,26208.02
Shreya Das,Furniture,39143.38
Meera Das,Groceries,1152.72
Sanjay Nair,Beauty,3512.3
Rohan Joshi,Books,2368.96
Aditya Bose,Books,1393.82
Pooja Iyer,Groceries,2872.67
Aditya Patel,Electronics,312236.0
Kavya Verma,Books,650.28
Priya Rao,Groceries,1805.69
Sunita Nair,Clothing,6061.73
Amit Mishra,Sports,5079.04
Sanjay Patel,Sports,11870.38
Rahul Pillai,Beauty,3040.88
Pooja Sharma,Beauty,1449.46
Aarav Pillai,Groceries,3649.29
Meera Shah,Groceries,2188.97
Rohan Mehta,Electronics,1033433.55
Meera Sharma,Books,8678.5
Amit Bhat,Clothing,5919.86
Ananya Chatterjee,Furniture,229301.96
Pooja Rao,Clothing,5016.33
Pooja Rao,Beauty,1411.81
Sunita Mehta,Clothing,6441.47
Amit Joshi,Electronics,111295.68
Shreya Mehta,Clothing,9791.75
Priya Sharma,Electronics,184024.19
Meera Kapoor,Beauty,6659.78
Shreya Mehta,Electronics,50592.2
Shreya Rao,Clothing,42644.14
Sanjay Das,Groceries,1300.18
Pooja Kumar,Electronics,32476.66
Aarav Mishra,Groceries,1558.52
Amit Bhat,Sports,6443.54
Pooja Verma,Beauty,9774.56
Shreya Bose,Groceries,746.0
Rahul Rao,Sports,1234.93
Meera Iyer,Furniture,61854.03
Vikram Reddy,Furniture,37776.02
Deepa Mishra,Books,1567.84
Rahul Rao,Sports,42952.69
Priya Das,Furniture,222948.05
Aditya Bhat,Electronics,166691.58
Ananya Gupta,Groceries,2235.73
Sanjay Nair,Furniture,122381.62
Pooja Nair,Groceries,798.95
Priya Sharma,Books,1565.69
Pooja Chatterjee,Furniture,10073.57
Sanjay Kapoor,Groceries,361.14
Nisha Iyer,Electronics,122855.89
Nisha Mehta,Beauty,10129.66
Sanjay Singh,Groceries,1547.66
Nikhil Mishra,Beauty,241.29
Sunita Rao,Sports,7626.2
Aarav Sharma,Electronics,37343.19
Vikram Bhat,Books,5565.17
Rahul Chatterjee,Books,2407.39
Shreya Patel,Clothing,4071.69
Arjun Bose,Books,8820.52
,,
Kavya Bhat,Beauty,4644.44
Sanjay Iyer,Electronics,183278.19
Arjun Das,Sports,7463.99
Nikhil Joshi,Groceries,498.65
Ritu Singh,Sports,126401.53
Amit Mehta,Groceries,338.94
Sanjay Mehta,Clothing,11439.79
Arjun Reddy,Electronics,435101.24
Meera Mishra,Groceries,2091.15
Ananya Gupta,Sports,17029.82
Sunita Shah,Beauty,17325.76
Meera Chatterjee,Furniture,79635.39
Priya Singh,Groceries,312.48
Nisha Mishra,Beauty,595.39
,,
Aarav Sharma,Electronics,353697.54
Ananya Joshi,Clothing,6767.09
Rahul Shah,Sports,10634.92
Kavya Kapoor,Clothing,9941.05
Nisha Bose,Sports,23303.04
Aditya Kapoor,Furniture,139138.9
Deepa Mehta,Sports,32551.28
Amit Shah,Sports,88266.0
Ritu Bhat,Sports,17857.42
Vikram Shah,Groceries,1261.38
Karan Bose,Clothing,9565.0
Ananya Kumar,Furniture,40312.78
Sanjay Verma,Beauty,21256.5
Rahul Patel,Furniture,36305.93
Ananya Rao,Books,6327.55
Meera Rao,Electronics,260057.28
Ritu Gupta,Furniture,140156.32
Karan Shah,Groceries,2428.43
Nikhil Kumar,Sports,64006.89
Arjun Gupta,Books,1487.4
Sanjay Patel,Sports,34653.36
Aditya Nair,Sports,19868.59
Nikhil Joshi,Books,2663.55
Deepa Pillai,Beauty,2969.81
Nikhil Singh,Furniture,12728.48
Meera Pillai,Clothing,37794.25
Ananya Bose,Clothing,12320.37
Deepa Gupta,Furniture,91868.53
Rohan Nair,Electronics,532883.15
Sanjay Patel,Electronics,63164.34
Kavya Singh,Sports,32336.4
Vikram Pillai,Groceries,144.62
Meera Chatterjee,Sports,3181.45
Ananya Patel,Beauty,1053.0
Nisha Nair,Beauty,2533.79
Aditya Reddy,Books,1012.64
Nikhil Joshi,Beauty,3020.21
Sunita Sharma,Groceries,896.68
Ritu Kapoor,Groceries,1586.94
Ananya Verma,Furniture,93295.26
Aarav Rao,Groceries,1536.04
Deepa Chatterjee,Beauty,2579.45
Meera Reddy,Groceries,2456.4
Ritu Verma,Books,10281.57
Vikram Iyer,Books,4126.13
Priya Iyer,Clothing,15504.08
Priya Verma,Beauty,3235.02
Rahul Iyer,Groceries,1675.82
Nisha Patel,Clothing,1277.03
Shreya Sharma,Clothing,14389.27
Meera Verma,Books,1324.11
Kavya Pillai,Electronics,412747.46
Deepa Singh,Sports,29460.53
Nisha Patel,Books,4524.52
Vikram Mishra,Electronics,700450.24
Nikhil Kapoor,Books,4411.53
Aditya Shah,Beauty,2351.24
Rohan Bose,Furniture,106262.43
Amit Verma,Sports,10806.31
Ritu Mishra,Sports,74033.85
Nikhil Mishra,Sports,104587.68
Meera Kapoor,Electronics,157139.2
Aditya Patel,Clothing,7361.83
Shreya Reddy,Clothing,3315.64
Nisha Bhat,Books,1131.28
Karan Bose,Clothing,3873.18
Sunita Kumar,Groceries,936.68
Arjun Patel,Beauty,7373.98
Meera Sharma,Electronics,190618.8
Nikhil Reddy,Electronics,129304.85
Shreya Shah,Clothing,9517.59
Pooja Verma,Beauty,15517.58
,,
Vikram Gupta,Electronics,28260.49
Nikhil Das,Furniture,165300.99
Ritu Reddy,Books,7324.98
Meera Reddy,Sports,5912.22
Karan Kumar,Books,2704.17
Amit Rao,Books,5049.74
Ritu Patel,Clothing,25652.22
Ananya Nair,Furniture,7994.96
Nikhil Patel,Sports,1338.53
Arjun Rao,Beauty,8949.36
Kavya Nair,Sports,11296.47
Sunita Nair,Groceries,700.62
Priya Patel,Furniture,260198.32
Kavya Iyer,Clothing,24537.25
Meera Mehta,Books,7962.8
Sunita Mishra,Clothing,6399.63
Sunita Kapoor,Groceries,1025.8
Sunita Reddy,Sports,7052.66
Priya Chatterjee,Beauty,1840.58
Vikram Verma,Groceries,588.74
Nikhil Singh,Furniture,52512.57
Priya Pillai,Clothing,21904.97
Aarav Das,Furniture,251589.73
Pooja Sharma,Beauty,3400.49
Kavya Verma,Clothing,32152.59
Karan Shah,Sports,34048.21
Shreya Joshi,Books,1522.28
Priya Kumar,Clothing,8629.82
Sunita Das,Furniture,167839.68
Priya Das,Groceries,2873.98
Nisha Sharma,Groceries,1035.45
Deepa Bhat,Beauty,17991.29
Shreya Rao,Furniture,40170.17
Aditya Sharma,Furniture,196057.15
Vikram Kapoor,Groceries,210.21
Karan Kumar,Electronics,450289.54
Meera Mishra,Groceries,782.05
Arjun Kapoor,Electronics,237090.85
Amit Joshi,Sports,10046.96
Vikram Joshi,Electronics,332318.85
Vikram Iyer,Books,862.77
Aditya Das,Groceries,3878.43
Rohan Kumar,Electronics,24684.25
Priya Bose,Groceries,2621.04
Meera Kapoor,Electronics,377022.96
Aarav Rao,Electronics,398426.64
Nisha Rao,Clothing,8280.13
Vikram Iyer,Groceries,888.33
Sunita Gupta,Sports,50129.67
Karan Das,Beauty,5546.63
Pooja Chatterjee,Clothing,3893.81
Aditya Verma,Groceries,2672.94
Ritu Pillai,Beauty,832.4
Pooja Verma,Sports,23223.7
Sanjay Chatterjee,Groceries,719.16
Priya Bose,Furniture,64071.92
Aarav Bhat,Groceries,2544.36
Rahul Verma,Books,1273.33
Sanjay Iyer,Groceries,1689.72
Amit Shah,Electronics,278858.29
Ritu Rao,Groceries,978.94
Kavya Kumar,Clothing,4873.47
Nisha Patel,Groceries,2055.55
Nikhil Bose,Books,5020.88
Deepa Iyer,Beauty,157.0
Meera Gupta,Electronics,118400.61
Nisha Das,Clothing,1543.45
Kavya Kapoor,Electronics,17360314.17
Aditya Bose,Sports,67592.29
Shreya Nair,Clothing,13732.16
Sanjay Joshi,Furniture,168394.7
Ananya Das,Clothing,6684.85
Aarav Joshi,Groceries,124.38
Aditya Chatterjee,Sports,128980.52
Rahul Kumar,Electronics,181169.01
Kavya Nair,Furniture,29713.41
Nisha Sharma,Furniture,53170.77
Kavya Chatterjee,Groceries,446.89
Aarav Verma,Books,3949.85
Vikram Singh,Furniture,140193.36
Meera Kapoor,Furniture,88558.6
Nisha Sharma,Electronics,268730.15
Rohan Singh,Books,2766.66
Karan Sharma,Electronics,104290.62
Aditya Mehta,Books,1971.55
Aditya Sharma,Books,1925.9
Kavya Pillai,Books,1381.44
Vikram Bhat,Sports,101253.81
Deepa Joshi,Sports,24280.58
Aarav Nair,Books,2331.91
,,
Priya Kumar,Beauty,229.86
,,
Sunita Sharma,Books,1228.87
Arjun Pillai,Books,5535.71
Kavya Rao,Sports,96549.16
Meera Kapoor,Books,1424.52
Rohan Chatterjee,Furniture,198861.51
Sanjay Patel,Clothing,9441.56
Amit Verma,Groceries,2204.96
Rohan Reddy,Furniture,1783.33
Shreya Pillai,Beauty,6658.21
Karan Chatterjee,Furniture,51511.32
Meera Reddy,Books,5781.66
Deepa Verma,Beauty,12672.79
Karan Mishra,Books,5939.75
Rohan Iyer,Beauty,7613.24
Nisha Chatterjee,Books,1242.55
Ananya Kapoor,Furniture,31874.43
Pooja Bose,Sports,8584.8
Nisha Gupta,Furniture,60207.42
Arjun Verma,Furniture,56785.85
Rohan Chatterjee,Beauty,766.64
Meera Das,Groceries,1250.12
Amit Kumar,Sports,54400.72
Ananya Verma,Clothing,2660.47
Amit Chatterjee,Beauty,2507.45
Arjun Chatterjee,Groceries,1145.95
Aarav Pillai,Sports,39228.73
Sanjay Kumar,Clothing,11373.42
Pooja Bhat,Books,1349.48
Meera Gupta,Clothing,11598.72
Ritu Joshi,Sports,124422.97
Nisha Joshi,Groceries,342.17
Rahul Pillai,Beauty,26537.21
Sanjay Pillai,Furniture,145109.61
Kavya Sharma,Electronics,107037.9
Ananya Patel,Sports,42878.34
Kavya Pillai,Furniture,56221.37
Ritu Chatterjee,Clothing,22886.16
Deepa Das,Groceries,98.72
Aditya Verma,Furniture,174388.71
Deepa Iyer,Furniture,117876.02
Meera Rao,Electronics,38987.93
Vikram Verma,Clothing,6590.81
Arjun Singh,Sports,98932.09
Deepa Joshi,Furniture,7652.46
Nisha Das,Groceries,1896.12
Sanjay Bose,Groceries,268.27
Nikhil Reddy,Electronics,27570.77
Aarav Bhat,Groceries,1008.28
Karan Das,Furniture,13286.27
Karan Kapoor,Sports,9405.05
Nikhil Singh,Groceries,1907.63
Nikhil Bhat,Furniture,296094.49
Arjun Rao,Beauty,6749.05
Kavya Kumar,Furniture,122079.93
Sanjay Bhat,Clothing,18412.38
Aarav Mehta,Clothing,5514.66
Ritu Reddy,Furniture,353477.73
Karan Bhat,Books,10978.87
Pooja Joshi,Groceries,620.3
Ananya Reddy,Clothing,3543.81
Nikhil Verma,Furniture,6015.58
Ananya Mehta,Clothing,21803.58
Sunita Singh,Groceries,877.93
Aarav Rao,Clothing,6175.76
Pooja Kapoor,Furniture,44220.44
Arjun Kumar,Sports,66408.75
Shreya Reddy,Furniture,80745.64
Sanjay Shah,Furniture,31049.48
Aarav Kapoor,Beauty,2458.7
Karan Bose,Electronics,21082.56
Meera Singh,Groceries,545.27
Nikhil Nair,Furniture,74800.01
Sanjay Kumar,Electronics,33639.93
Priya Mehta,Sports,26063.19
Kavya Pillai,Beauty,887.58
Rohan Sharma,Electronics,167514.18
Sanjay Singh,Books,3736.19
Ananya Mishra,Clothing,2075.32
Ananya Reddy,Books,6278.32
Amit Das,Groceries,2353.07
Rahul Shah,Clothing,31003.27
Priya Patel,Beauty,5505.54
Kavya Verma,Furniture,272564.22
Priya Sharma,Clothing,5486.4
Rohan Das,Beauty,1734.87
Karan Kumar,Beauty,2301.25
Meera Kumar,Sports,12014.98
Aarav Reddy,Electronics,23810.12
Deepa Rao,Clothing,7041.76
Rahul Mehta,Books,5300.77
Rahul Pillai,Clothing,13005.72
Priya Mehta,Beauty,18757.8
Vikram Shah,Clothing,2090.57
Kavya Gupta,Electronics,55730.83
Ananya Mishra,Groceries,560.89
Arjun Nair,Electronics,55079.39
Deepa Mehta,Groceries,1373.02
Aarav Pillai,Sports,2166.86
Priya Sharma,Clothing,33201.77
Pooja Sharma,Furniture,210338.05
Pooja Patel,Electronics,245712.19
Rohan Bose,Electronics,50867.37
Ananya Kumar,Books,15544.23
Ananya Bose,Clothing,6146.46
Amit Nair,Books,1911.88
Karan Kapoor,Sports,80013.65
Pooja Verma,Beauty,763.63
Sunita Patel,Groceries,312.81
Nisha Shah,Sports,31932.89
Karan Das,Sports,5930.43
Sunita Bhat,Sports,16119.22
Karan Kumar,Beauty,3426.91
Ritu Joshi,Clothing,25920.44
Vikram Bose,Electronics,328579.52
Amit Gupta,Electronics,188994.43
Karan Singh,Sports,98156.4
Sanjay Chatterjee,Clothing,22208.97
Pooja Bhat,Electronics,399047.78
Ananya Bose,Electronics,268708.58
Priya Mishra,Sports,30143.82
Pooja Pillai,Sports,55413.45
Ananya Reddy,Groceries,2501.07
Ananya Rao,Beauty,892.79
Kavya Iyer,Beauty,6078.11
Deepa Verma,Beauty,2121.23
Sanjay Iyer,Electronics,59897.17
Priya Shah,Furniture,70530.85
Rohan Rao,Books,983.11
Deepa Joshi,Sports,26718.92
Amit Kapoor,Furniture,35018.76
Meera Shah,Furniture,247619.21
Aarav Sharma,Beauty,914.13
Pooja Gupta,Furniture,65510.48
Nikhil Gupta,Electronics,175898.51
Sanjay Singh,Electronics,10874.57
Amit Nair,Groceries,5197.61
Karan Chatterjee,Electronics,755611.74
Arjun Singh,Clothing,11603.1
Pooja Sharma,Beauty,3400.49
Sunita Singh,Sports,65353.81
Arjun Mishra,Electronics,105263.11
Sanjay Rao,Electronics,92585.0
Aarav Rao,Clothing,3641.6
Aditya Bhat,Clothing,20358.67
Priya Bhat,Furniture,10748.23
Sunita Iyer,Groceries,1590.89
Rahul Shah,Electronics,182448.8
,,
Nikhil Sharma,Beauty,905.35
Rohan Joshi,Groceries,2992.24
Arjun Verma,Beauty,5426.76
Shreya Reddy,Sports,5207.64
Shreya Patel,Furniture,129636.87
Sanjay Verma,Furniture,22683.91
Amit Shah,Beauty,2585.03
Aarav Gupta,Clothing,4477.38
Sunita Mehta,Furniture,67597.0
Sunita Gupta,Groceries,435.44
Vikram Mehta,Books,7876.86
Nikhil Joshi,Books,1543.04
Rahul Das,Clothing,2673.78
Meera Nair,Books,5508.78
Rohan Sharma,Beauty,1938.58
Rahul Joshi,Electronics,539413.9
Rahul Shah,Groceries,1136.17
Rohan Mehta,Sports,81451.9
Vikram Mehta,Books,12840.19
Sanjay Bose,Electronics,207943.15
Arjun Patel,Groceries,717.1
Nisha Reddy,Groceries,2227.02
Vikram Gupta,Electronics,463985.67
Pooja Patel,Beauty,4726.28
,,
Sunita Mishra,Books,146.46
Priya Verma,Electronics,30194.77
Aditya Gupta,Clothing,7184.61
Aditya Rao,Beauty,6772.95
Karan Singh,Furniture,8770.86
Aditya Shah,Sports,24486.71
Meera Bose,Books,6117.76
Arjun Kumar,Books,2985.15
Kavya Mehta,Groceries,2225.48
Ananya Mishra,Clothing,2315.9
Ananya Mishra,Electronics,476054.02
Kavya Patel,Electronics,179057.38
Sunita Rao,Groceries,6307.15
Amit Pillai,Clothing,4522.36
Rahul Joshi,Furniture,353282.34
Nikhil Reddy,Electronics,45113.12
Ananya Sharma,Electronics,10092.16
Karan Verma,Groceries,1268.84
Deepa Iyer,Electronics,38160.26
Priya Verma,Clothing,22356.5
Aarav Sharma,Sports,49274.68
Sunita Shah,Electronics,25738.91
Sanjay Gupta,Beauty,8123.9
Aditya Bose,Electronics,269224.59
Pooja Mishra,Groceries,2095.81
Shreya Kumar,Groceries,1817.68
Pooja Verma,Furniture,10585.41
Aarav Chatterjee,Clothing,17908.2
Nikhil Joshi,Clothing,2707.64
Arjun Sharma,Groceries,1938.7
Ananya Pillai,Books,10070.83
Vikram Chatterjee,Groceries,835.1
Nikhil Pillai,Groceries,290.93
Amit Nair,Electronics,478410.73
Arjun Nair,Electronics,85795.74
Arjun Chatterjee,Books,10485.92
Sanjay Bhat,Beauty,10030.62
Sanjay Kumar,Electronics,501766.48
Sanjay Mehta,Electronics,14993.54
Arjun Bose,Sports,11951.87
Rahul Nair,Books,5123.02
Aarav Shah,Beauty,15688.04
Meera Chatterjee,Clothing,13261.21
Meera Iyer,Beauty,16158.29
Aarav Kumar,Beauty,6161.59
Arjun Singh,Electronics,30862.38
Aarav Kapoor,Groceries,1652.51
Aditya Reddy,Furniture,137423.69
Rohan Mehta,Beauty,12314.54
Rahul Bhat,Furniture,29419.75
Meera Pillai,Sports,63861.69
Vikram Mishra,Sports,28031.47
Vikram Iyer,Furniture,56440.79
Karan Pillai,Clothing,1845.9
,,
Aarav Reddy,Clothing,7364.45
Aditya Reddy,Groceries,809.88
Meera Shah,Furniture,165959.55
Priya Kumar,Sports,52329.61
Shreya Gupta,Clothing,2825.18
Ananya Chatterjee,Beauty,14038.19
Vikram Shah,Groceries,629.36
Meera Shah,Furniture,33717.7
Nisha Reddy,Furniture,36271.56
,,
Rahul Reddy,Books,16441.16
Arjun Iyer,Clothing,7457.36
Pooja Joshi,Sports,2818.03
Arjun Kumar,Furniture,50502.4
Nisha Iyer,Electronics,514325.26
Ritu Shah,Groceries,2725.99
Nisha Pillai,Clothing,21588.14
Arjun Shah,Furniture,146993.72
Karan Gupta,Groceries,477.64
Sunita Verma,Furniture,56911.9
Vikram Gupta,Beauty,594.21
Deepa Mishra,Furniture,286556.78
Rohan Kapoor,Sports,35748.44
Kavya Shah,Books,4793.89
Aarav Singh,Sports,25165.9
Priya Das,Groceries,346.37
Ritu Bhat,Groceries,1160.5
Pooja Patel,Books,1955.07
Priya Reddy,Books,1835.02
Nisha Iyer,Sports,102399.25
Meera Bose,Groceries,220.25
Aditya Joshi,Electronics,741543.82
Aarav Patel,Beauty,4167.5
Sanjay Kumar,Sports,61250.51
Nikhil Pillai,Electronics,86347.39
Nikhil Patel,Beauty,167.72
Vikram Pillai,Beauty,10949.84
Arjun Verma,Groceries,2340.06
Aditya Kapoor,Clothing,3192.69
Kavya Rao,Clothing,6459.25
Sunita Mehta,Clothing,1472.47
Ananya Joshi,Furniture,16831.69
Sanjay Patel,Electronics,229078.34
Shreya Kapoor,Books,9079.99
Shreya Verma,Groceries,628.26
Rahul Nair,Books,222.9
Nikhil Mishra,Electronics,381281.41
Aarav Joshi,Books,2622.16
Aditya Pillai,Clothing,4592.68
Meera Rao,Clothing,2308.91
Ritu Mehta,Groceries,680.62
Deepa Gupta,Books,5203.29
Deepa Gupta,Beauty,7442.04
Deepa Gupta,Sports,11720.71
Ananya Pillai,Clothing,2462.17
Shreya Gupta,Beauty,3735.87
Amit Singh,Beauty,7846.93
Meera Patel,Furniture,121709.51
Sunita Iyer,Electronics,129545.79
Amit Pillai,Beauty,3312.56
Kavya Sharma,Clothing,6409.77
Amit Sharma,Sports,32970.07
Nikhil Iyer,Books,19373.32
Kavya Bose,Clothing,23914.76
Sanjay Kumar,Clothing,11373.42
Sanjay Verma,Beauty,4531.15
Priya Shah,Electronics,409146.2
Vikram Joshi,Clothing,670.28
Rohan Joshi,Books,5091.0
Priya Bose,Sports,3807.13
Priya Sharma,Groceries,272.74
Nisha Iyer,Electronics,145921.2
Deepa Reddy,Electronics,211424.88
Amit Verma,Beauty,13191.89
Rohan Singh,Furniture,18197.59
Aarav Kumar,Sports,75906.0
Sunita Nair,Clothing,11296.68
Aditya Kapoor,Electronics,407424.79
Amit Pillai,Groceries,843.51
Kavya Mehta,Sports,46040.29
Aarav Mishra,Groceries,1607.31
Karan Rao,Books,1633.5
Karan Verma,Books,8312.64
Aditya Bose,Beauty,3720.84
Aarav Singh,Sports,42595.96
Ananya Pillai,Beauty,4796.68
Rahul Pillai,Groceries,81.73
Amit Pillai,Sports,109622.85
Meera Gupta,Sports,5761.67
Arjun Singh,Groceries,715.47
Amit Singh,Groceries,2301.06
Rohan Pillai,Beauty,1279.93
Nikhil Pillai,Sports,1998.56
Ritu Pillai,Furniture,69297.43
Meera Nair,Sports,1180.05
Pooja Nair,Clothing,20518.25
Vikram Bose,Electronics,82799.59
Ritu Singh,Beauty,4863.92
Rahul Bose,Clothing,4950.24
Rohan Pillai,Electronics,31403.12
Nisha Kapoor,Furniture,24095.35
Nikhil Kapoor,Groceries,857.03
Rahul Kumar,Clothing,6597.21
Kavya Mishra,Electronics,367938.22
Karan Sharma,Clothing,815.57
Meera Verma,Beauty,1419.61
Arjun Pillai,Electronics,42550.65
Amit Rao,Clothing,15099.86
Sunita Kapoor,Furniture,89448.76
Shreya Mehta,Beauty,13364.21
Aarav Reddy,Furniture,35854.5
Kavya Joshi,Electronics,15055.56
Aarav Chatterjee,Clothing,3053.06
Meera Pillai,Clothing,6398.88
Rohan Kapoor,Clothing,4817.35
Aditya Kumar,Beauty,992.13
Rahul Mehta,Groceries,2926.92
Karan Das,Furniture,17516.82
Rohan Iyer,Beauty,8905.76
Rohan Bose,Beauty,19952.42
Deepa Mishra,Beauty,5112.14
Deepa Bhat,Sports,89463.92
Aarav Mehta,Sports,58513.74
Sunita Iyer,Furniture,218498.09
Shreya Nair,Beauty,1378.93
Rohan Bhat,Books,323.03
Vikram Shah,Groceries,2467.58
Vikram Shah,Sports,110726.11
Ananya Pillai,Furniture,181310.38
Pooja Das,Furniture,202150.56
Karan Gupta,Electronics,209289.38
Shreya Gupta,Clothing,736.31
Pooja Singh,Sports,28705.04
Rahul Iyer,Beauty,14294.75
Aditya Rao,Electronics,54397.95
Sanjay Rao,Books,1451.01
Priya Bose,Sports,27702.22
Vikram Rao,Beauty,2545.3
Sanjay Mishra,Groceries,1947.86
Nisha Bose,Furniture,35801.2
Amit Pillai,Furniture,6859.73
Priya Kumar,Sports,92987.57
Nisha Shah,Books,194.19
Pooja Singh,Groceries,161.58
Nikhil Rao,Books,7522.38
Rohan Mehta,Sports,69394.08
Aditya Kumar,Beauty,1292.81
Ritu Das,Electronics,931056.13
Nikhil Rao,Furniture,18237.3
Rahul Pillai,Beauty,11894.14
Aarav Iyer,Beauty,217.16
Rahul Mehta,Books,2924.85
Deepa Bose,Sports,71562.45
Sanjay Iyer,Clothing,11512.76
Nikhil Kapoor,Sports,43500.13
Sunita Shah,Furniture,142656.4
Meera Gupta,Clothing,20730.43
Karan Singh,Electronics,117822.65
Vikram Kumar,Sports,14299.68
Rahul Joshi,Clothing,3463.77
Aditya Verma,Clothing,11310.93
Rahul Pillai,Books,331.72
Rohan Mishra,Clothing,2589.54
Karan Chatterjee,Clothing,24949.89
Rohan Rao,Beauty,6011.01
Vikram Kapoor,Sports,48966.18
Shreya Pillai,Furniture,123725.25
Rahul Patel,Groceries,2555.54
Ritu Kapoor,Books,8777.25
Rahul Mehta,Clothing,2174.45
Ananya Rao,Beauty,14508.76
Amit Verma,Groceries,108.58
Meera Kumar,Books,2919.85
Ananya Reddy,Groceries,3078.58
Rohan Shah,Furniture,212852.52
Amit Joshi,Beauty,2481.93
Arjun Iyer,Groceries,3176.16
Nikhil Reddy,Books,11154.85
Aarav Pillai,Groceries,2083.21
Aditya Kapoor,Groceries,1419.14
Aarav Verma,Furniture,66658.37
Vikram Mishra,Sports,52022.28
Pooja Das,Sports,36886.86
Aditya Sharma,Clothing,20461.06
Kavya Iyer,Furniture,94093.98
Aditya Patel,Groceries,2696.95
Sanjay Sharma,Sports,6895.34
Karan Pillai,Clothing,22125.94
Karan Reddy,Beauty,2726.49
Amit Mehta,Books,4835.66
Nikhil Rao,Furniture,211857.48
